Myanmar,English
သူငယ်ချင်းကို လက်ကိုင်ဖုန်းနံပါတ် ပြောပြလိုက်တယ်။,I gave my mobile phone number to my friend
အမေ့ကို မွေးနေ့လက်ဆောင် ပေးတယ်။,I gave my mother a birthday present
မင်း တော်တော် အလုပ်လုပ်တာပဲနော်။,You really work hard
နံပါတ်တစ်ကနေ နံပါတ်တစ်ဆယ်အထိလူတွေ ဝင်ကြပါ။,People with the numbers one to ten please go inside
စာကြည့်တိုက်မှာ မစ္စတာယာမာဒါနဲ့ အတူတူ စာဖတ်မယ်။,I will study with Mr Yamada at the library
လေယာဉ်ပျံနဲ့ တိုကျိုနဲ့အိုဆာကာကို သွားလိုက်လာလိုက် လုပ်တယ်။,I go back and forth between Tokyo and Osaka by airplane
ဘယ်လိုဖိနပ်မျိုးကို ဝယ်မလဲ။,Which shoes are you going to buy
မစ္စတာယာမာဒါက စာသင်ခန်းရဲ့ အပြင်မှာ ရှိတယ်။,Mr Yamada is outside the classroom
မစ္စတာခိမုရက ချစ်စရာကောင်းတဲ့ပစ္စည်းလေးတွေဆို အရမ်း သဘောကျတယ်။,Ms Matsui loves cute things
နွေဦးရာသီထဲ ဝင်လာပေမဲ့ နွေးမလာသေးဘူး။,Spring has come but it hasnt become warm yet
ဆေးလိပ်သောက်ရင် ကျန်းမာရေး ထိခိုက်တယ်။,It is bad for you to smoke
တနင်္ဂနွေနေ့ဆို ညီလေးက စာအုပ်ဖတ်လိုက် တီဗွီကြည့်လိုက် လုပ်တယ်။,On Sundays my little brother reads books and watches television
ဒီည အရမ်း အေးတယ်။,It is very cold tonight
နောက်နှစ်နှစ်ကျရင် အဲဒီမှာ စာကြည့်တိုက် ဖွင့်မယ် ကြားတယ်။,A library will be built there in two years
အရမ်း ပင်ပန်းတယ်။,I feel very tired
နောက်နှစ် ကျရင် နိုင်ငံခြားကို အလည်သွားမလားလို့ စိတ်ကူးထားတယ်။,I am thinking of travelling abroad next year
မိုး နည်းနည်း အုံ့လာပြီ။,The sky is starting to get cloudy
ကျွန်တော် အဖေ့ကို ပန်း ပေးတယ်။,I gave flowers to my father
ဟိုဆရာရဲ့ အတန်းက စိတ်ဝင်စားဖို့ကောင်းတယ်။,That teachers class is fun
ဟိုလူရဲ့ ခြေထောက်က သွယ်ပြီး ရှည်တယ်။,That person has long skinny legs
ဒီနေ့ ခပ်စောစော အိမ်က ထွက်တယ်။,Today I will leave the house early
နောက်အပတ် အလှပြင်ဆိုင်မှာ ဆံပင် သွားညှပ်မလို့ စိတ်ကူးနေတယ်။,I am thinking of getting my hair cut at the beauty salon next week
ဂျပန်ဘာသာနဲ့ ရေးထားတဲ့ စာအုပ်ကို ဖတ်တယ်။,I will read a book written in Japanese
ရေချိုးခန်းမှာ ကိုယ်လက် သန့်စင်တယ်။,I wash my body in the bathroom
ဆပ်ပြာနဲ့ လက်ကို ဆေးတယ်။,I washed my hands with soap
နှစ်တိုင်း မိသားစုနဲ့ ခရီးထွက်တယ်။,Every year I go on a family trip
စာအိတ်မှာ တံဆိပ်ခေါင်း ကပ်တယ်။,I will put a stamp on the envelope
ဒီနေ့ မနက်ကနေ ညနေအထိ အတန်း ရှိတယ်။,Today we had class from morning until evening
ကျွန်တော် အတန်းတက်ရတာ ပျော်တယ်။,Class is fun for me
ဟုတ်ကဲ့၊ နားလည်ပါပြီ။,Yes all right
ဒီအခန်းက ပြတင်းပေါက် မရှိဘူး။,This room has no window
အမေက ဟင်းချက်ဝါသနာပါတယ်။,My mother likes cooking
သံရုံး သွားမှာဆိုရင် နောက်ဘူတာမှာ ဆင်းရမယ်။,If you are going to the embassy you need to get off at the next station
နောက်အပတ် ကျွန်တော် သူငယ်ချင်းနဲ့ တိုကျို သွားလည်မယ်။,I will go to Tokyo to hang out next week
ရုပ်ရှင် ကြည့်နေတုန်းက ငိုလိုက်ရတယ်။,I cried when I was watching the film
မင်းတို့ရဲ့ စာသင်ခန်းက သုံးထပ်မှာ။,Everyone your classroom will be on the third floor
ရှပ်အင်္ကျီ သွားဝယ်မယ်။,I will go buy a shirt
ကျွန်တော် အဲဒီလူရဲ့ အကြောင်းကို မမှတ်မိဘူး။,I didnt remember that person
ကုန်တိုက်တို့ စူပါမားကက်တို့မှာ ဈေးဝယ်တယ်။,I shop at department stores and supermarkets
ဆယ်ရက်နေ့ မကျော်ခင်အထိ ဒီအလုပ်ကို မလုပ်လို့မဖြစ်ဘူး။,I must do this work by the tenth
ရေခဲသေတ္တာထဲမှာ ကြက်ဥ ခုနစ်လုံး ရှိတယ်။,There are seven eggs in the refrigerator
လေယာဉ်ပျံက တောင်ဘက်ကို ပျံသွားတယ်။,The airplane is flying south
ကျွန်တော့်မှာ ထိုင်းလူမျိုးသူငယ်ချင်း ရှိတယ်။,I have Thai friends
မစ္စတာမဆုအိက ဆိတ်ငြိမ်တဲ့မြို့မှာ နေတယ်။,Mr Matsui lives in a quiet town
မစ္စတာတာနာခါရဲ့ ဘယ်ဘက်မှာ မစ္စတာခိမုရ ရှိတယ်။,Ms Kimura is to the left of Mr Tanaka
ကိုးနာရီမှာ အိမ်က ထွက်မယ်။,I will leave the house at nine
ည အရမ်း မိုးချုပ်ပြီမို့ အိမ်ပြန်မယ်။,I will go home because it is already late
ကန်ထဲမှာ ငါး ရှိတယ်။,There is a fish in the lake
ဒီနေ့ တနင်္ဂနွေနေ့ ဆိုပေမဲ့ ကုမ္ပဏီ သွားရမယ်။,Today is a Sunday but I will go to the office
ဒီစာသင်ခန်းက အလင်းရောင်ကောင်းပြီး သန့်ရှင်းတယ်။,This classroom is bright and pretty
ဒါ အရေးကြီးတဲ့စာပါ။,This is a very important letter
ဒီမှာ သုံညဒီဂရီမို့လို့ အရမ်း ချမ်းတယ်။,It is zero degrees here so it is very cold
အဲဒီလမ်းဆုံကနေ ညာဘက်ကို ကွေ့ရင် သံရုံးကို တွေ့မယ်။,When you turn right at the intersection over there there will be an embassy
တခြား ဘာပစ္စည်း လိုချင်သေးလဲ။,Are there any other things you want
ကျွန်တော် မနက်တိုင်း လမ်းလျှောက် ထွက်တယ်။,I go for a walk every morning
ဂျပန်ကနွေရာသီက အရမ်း ပူတယ်။,Summer in Japan is very hot
နိုင်ငံခြားဘာသာကို လေ့လာရတာ ခက်တယ်။,It is hard to study a foreign language
စားပွဲပေါ်မှာ ပန်းအိုး ရှိတယ်။,There is a vase on the table
အခန်းထဲကို ဝင်ရင် တံခါး ပိတ်တယ်။,I close the door when I get into the room
ကျွန်တော့်ရဲ့ အခန်းမှာ စာရေးခုံတို့ အိပ်ရာတို့ တီဗွီတို့ ရှိတယ်။,There are a desk bed and TV in my room
ရှေ့လက နိုင်ငံခြားကို ခရီးထွက်ခဲ့တယ်။,I went on a trip abroad last month
မေးခွန်းက စာမျက်နှာဆယ်ငါးမှာ ရေးထားတယ်။,The question is written on page
မစ္စတာယာမာဒါက အမြဲတမ်း တက်ကြွနေပြီး၊ ဒီနေ့တော့ ငြိမ်နေတယ်။,Mr Tanaka is always full of energy but today he is quiet
ဒီနေ့ လမ်း အများကြီး လျှောက်ခဲ့တယ်။,I walked a lot today
မစ္စတာလီ တဖြည်းဖြည်း ဂျပန်စကား တော်လာပြီ။,Mr Lee is gradually getting better at Japanese
ဘာအတွက် ဂျပန်စာကို လေ့လာနေတာလဲ။,Why are you studying Japanese
ပြတင်းပေါက် ပွင့်နေတယ်။,The window is open
ပြတင်းပေါက် ပိတ်ထားတယ်။,The window is closed
ဂျပန်စာမှာ ခတခနစကားတွေ အများကြီး ရှိတယ်။,There are a lot of katakana words in Japanese
ကျွန်တော့်ညီလေးက ကိုးနှစ် ရှိပြီ။,My brother is nine years old
မစ္စတာဟယရှိက ကွန်ပျူတာကုမ္ပဏီမှာ အလုပ်လုပ်တယ်။,Mr Hayashi works for a computer company
စာရွက်ကို တစ်ရွက်စီ ယူပါ။,Please take one piece of paper at a time
မနက်ဖန် ဧပြီလ တစ်ရက်နေ့ပါ။,Tomorrow is  April
ဂျပန်ကို လာတုန်းက လေယာဉ်ကွင်းမှာ ဓာတ်ပုံရိုက်ခဲ့တယ်။,When I came to Japan I took pictures at the airport
သော့ မတွေ့လို့ အိတ်ထဲကို ရှာတယ်။,I could not find the keys so I looked inside my bag
အလုပ်ကိစ္စနဲ့ ဧည့်သည်နဲ့ တွေ့ရမှာမို့ နက်ကတိုင် စည်းရမယ်။,I will wear a tie because I will meet people in the course of my work
ဘဏ်ဖွင့်ချိန်က မနက်ကိုးနာရီကနေ ညနေသုံးနာရီအထိပါ။,The bank is open from nine in the morning to three in the afternoon
မသုံးတဲ့ ပစ္စည်းကို စာအုပ်စင်ပေါ် တင်မယ်။,I will put the things I do not use on top of the bookcase
စားပွဲပေါ်မှာ ဆေးလိပ်ပြာခွက် ရှိတယ်။,There is an ashtray on the table
ကျွန်တော့်ဘောပင်က ဒီဟာပါ။,This is my pen
ဒီဘက်က မစ္စတာခိုဘာယာရှိပါ။,This is Mr Kobayashi
နှစ်တိုင်း အမေ့ကို မွေးနေ့လက်ဆောင် ပေးတယ်။,Every year I give my mother a present on her birthday
လွန်ခဲ့တဲ့သုံးနှစ်က ဒီနိုင်ငံကို လာခဲ့တယ်။,I came to this country three years ago
ဂျပန်ရဲ့ နွေဦးလေက ကြမ်းတယ်။,In Japan the wind is strong in spring
မစ္စတာတာနာခါရဲ့ ညာဘက်မှာ မစ္စတာယာမာဒါ ရှိတယ်။,Mr Yamada is to the right of Mr Tanaka
ပါတီပွဲကို လူတွေ အများကြီး လာကြတယ်။,Many people came to the party
အိမ်ကခွေးက အကြီးကြီးပဲ။,My dog is very big
ကျွန်တော် ဒီနှစ်ကစပြီး ဂီတာတီး သင်မယ်။,I will learn the guitar starting this year
သီချင်းဆို ညံ့လို့ အဆိုလေ့ကျင့်မလား စဉ်းစားနေတယ်။,I am not good at singing so I am thinking of practising
ဟိုဘက်လမ်းမှာ အိမ်တွေ အများကြီး တန်းစီနေတယ်။,There are a lot of houses lined up across the street
ပိတ်ရက်မှာ သူငယ်ချင်းနဲ့ ဈေးသွားဝယ်မယ်။,I go shopping with my friend on my days off
ထူးချွန်တဲ့လူ ဖြစ်ချင်တယ်။,I would like to become a respectable adult
ကုမ္ပဏီကို ဖုန်းနဲ့ ဆက်သွယ်လိုက်ပါ။,Please contact the company by telephone
ဆံပင်မညှပ်ခင် ခေါင်း အရင် လျှော်တယ်။,I shampoo my hair before I cut it
နွေဦးဆို ပန်းတွေ အများကြီး ပွင့်တယ်။,A lot of flowers blossom in spring
ဒီဟိုတယ်က အခန်းတွေက အရမ်း သန့်တယ်။,This hotel room is very pretty
အပြင်ထွက်တုန်းက မီးပိတ်ဖို့ မေ့သွားတယ်။,I forgot to turn off the lights when I went out
ကျွန်တော့်အဒေါ်က ပန်းဆိုင်မှာ အလုပ်လုပ်နေတယ်။,My aunt works at a flower shop
စားပွဲခုံပေါ်မှာ ပန်းကန်လုံးနဲ့ တူတွေကို စီထားမယ်။,I arranged a bowl and chopsticks on the table
မနေ့ညက ပင်ပန်းလို့ အစောကြီး အိပ်တယ်။,I went to sleep early last night because I was tired
ကျွန်တော် နေ့တိုင်း ကျောင်းကို လမ်းလျှောက်သွားတယ်။,I walk to school every day
ဒီည ဘယ်မှ မသွားချင်ဘူး။,I do not want to go anywhere tonight
ရေခဲသေတ္တာထဲမှာ ဘာမှ မရှိဘူး။,There is nothing in the refrigerator
မနက်ဖန် မမေ့မလျော့ စာအုပ် ပြန်ပေးမယ်။,I will not forget to return the book to you
မစ္စတာမဆုအိက ဆေးလိပ် မကြိုက်လို့ မသောက်ဘူး။,Mr Matsui doesnt like tobacco so he does not smoke
ဆောင်းတွင်း ရောက်ရင် ဂျပန်ရဲ့ မြောက်ဘက်ပိုင်းမှာ အရမ်း အေးတယ်။,During the winter the northern part of Japan gets very cold
ညီမလေးက အဖေ့ကို ထမင်းဘူး ထည့်ပေးတယ်။,My little sister made a boxed lunch for my father
ပန်းကန်လုံးနဲ့ ထမင်းစားတယ်။,I eat rice in a bowl
ကျွန်တော် အားကစား ဝါသနာမပါဘူး။,I dont like sports
ညီလေးက ကိုယ်ခန္ဓာ အရမ်း သန်မာတယ်။,My brother has a strong body
ခုနစ်ရက်နေ့အရောက် ပိုက်ဆံလွှဲလိုက်မယ်။,I will transfer the money by the seventh
မစ္စတာမဆုအိက မစ္စတာဟယရှိနဲ့ စကားပြောနေတယ်။,Mr Matsui is talking with Mr Kobayashi
ကျေးဇူး အများကြီး တင်ပါတယ်။,Thank you very much
ကာရာအိုကေ သွားရင် အမြဲတမ်း ဒီသီချင်း ဆိုတယ်။,I always sing this song at karaoke
မစ္စတာလီကို ဒီစကားရဲ့ အဓိပ္ပာယ်ကို သင်ပေးခဲ့တယ်။,I taught Mr Lee the meaning of this word
နွေ ရောက်ရင် ပူလာမယ်။,In summer it becomes hot
ဒီစာသင်ခန်းမှာ ကွန်ပျူတာ ခုနစ်လုံး ရှိတယ်။,There are seven computers in this classroom
မနက်ဖန် ရာသီဥတုပူမှာမို့လို့ ရေကူးကန်မှာ ရေသွားကူးမယ်လို့ စိတ်ကူးထားတယ်။,It is going to get hot tomorrow so I was thinking about swimming in the pool
လက်ကိုင်ဖုန်းက သေးပြီး အရမ်း အဆင်ပြေတယ်။,Mobile phones are small and very useful
ဒီနေ့ ညစာအတွက် ကာရီ ချက်မယ်လို့ စိတ်ကူးထားတယ်။,Today I will make curry for dinner
ကိတ်မုန့် စားတဲ့အခါ ခက်ရင်းကို သုံးတယ်။,I use a fork when I eat cake
ကျွန်တော် ခန်းဂျီး ရေးတတ်တယ်။,I can write kanji
ဟင့်အင်း၊ မစပ်ပါဘူး။,No it is not spicy
ဒီသေတ္တာက အနံ တိုပြီး အလျား ရှည်တယ်။,The vertical line of this box is short and the horizontal line is long
ချောင်းဟိုဘက်ကို သွားချင်လို့ တံတားကို ကူးတယ်။,I want to go across the river so I will cross the bridge
နေ့တိုင်း ဂျပန်စာ လေ့လာနေပေမဲ့ ခန်းဂျီးကိုတော့ မှတ်လို့ မရဘူး။,Although I study Japanese every day I cannot memorize Kanji
အတန်းသားတွေ၊ လာမယ့်အပတ်မှာ ခန်းဂျီးစာမေးပွဲ စစ်မယ်။,Everyone there will be a kanji test next week
စားသောက်ဆိုင်မှာ ထမင်းစားတယ်။,I eat at the cafeteria
ဂျပန်စာအဘိဓာန်က အဲဒါပါ။,That is the Japanese dictionary
တိရစ္ဆာန်သေးသေးလေးတွေက အရမ်း ချစ်ဖို့ကောင်းတယ်။,Small animals are very cute
မနေ့က ရုပ်ရှင်ကြည့်ဖို့ တစ်နာရီ တန်းစီခဲ့ရတယ်။,I waited in queue for an hour to watch the film yesterday
ဘောပင် ပါမလာတဲ့သူတွေ ခဲတံနဲ့ဆိုလည်း ရတယ်။,People who have not brought a ballpoint pen may use a pencil
အားလုံး ဒီတက္ကသိုလ်ကကျောင်းသားတွေပါ။,Everyone is a student at this university
ညနေ ပန်းခြံမှာ လမ်းသွားလျှောက်မယ်။,I went for a walk in the park this evening
နာမည် ရေးပါ။,Please write your name
မျက်စိ မကောင်းလို့ မျက်မှန်တပ်မယ်။,I will wear glasses because my eyes are bad
နက်ဖန်မနက်ကျရင် အဝတ်မလျှော်လို့မဖြစ်ဘူး။,I must do the laundry tomorrow morning
အမေ့ကို ဆယ့်တစ်လပိုင်း နှစ်ဆယ့်ကိုးရက်နေ့မှာ မွေးခဲ့တယ်။,My mother was born on the th of November
ကိုယ်ခံအား မကောင်းလို့ အားကစားလုပ်လို့မရဘူး။,I cannot play sport because my body is weak
အတော်ပဲ၊ အခု ပွဲစတော့မယ်။,The competition is just about to start now
ဒီရုပ်ရှင်က သိပ်မကောင်းဘူး။,This film was not really good
ဘယ်နိုင်ငံကပါလဲ။,Where is your country
ဆောင်းဦးက အေးမြတယ်။,It is cool in autumn
မစ္စတာမဆုအိက ခဲတံ ငှားပေးတယ်။,I borrowed a pencil from Mr Matsui
ကျွန်တော် ပန်းချီဆွဲတာ ညံ့တယ်။,I am not good at drawing pictures
ဟိုမှာ ဆရာ ရှိတယ်။,That book is mine
ဒီမှာ အဖြေ ရေးမယ်။,I will write the answer here
ဘယ်တုန်းကတည်းက ဂျပန်စာကို လေ့လာနေတာလဲ။,When did you start studying Japanese
ဒီအနားတဝိုက်မှာ ခဏ နားရအောင်။,I will rest for a moment around here
အိမ်ပြန်ရင် သန့်ရှင်းရေးလုပ်မယ်လို့ စိတ်ကူးထားတယ်။,When I get home I am going to clean my room
ပင်ပန်းလို့ ထိုင်ပြီး အနားယူမယ်။,I am tired so I will sit and rest
ဒီမုန့်က စားလို့ ကောင်းတယ်။,This snack is yummy
ဂျပန်နဲ့ နိုင်ငံခြားက ဘာသာစကား ကွဲပြားတယ်။,The languages spoken in Japan are different from those in overseas countries
မနေ့က တစ်နေ့လုံး စာဖတ်လိုက်လို့ ဒီနေ့တော့ ကစားမယ်။,I studied all day yesterday so I will play today
ဒီစက္ကူကို အလျားလိုက် ဖြတ်မယ်။,I will cut this paper vertically
တို့အိမ်မှာ တီဗွီ သုံးလုံး ရှိတယ်။,There are three TVs in my house
ပင်လယ်နဲ့ နီးတဲ့နေရာက ငါးတွေက စားလို့ကောင်းတယ်။,The fish is delicious at places near the sea
သေတ္တာပုံးထဲမှာ ခွေးသေးသေးလေး ရှိတယ်။,There is a small dog in the box
ဒီအိတ်ကို ဈေးကြီးကြီး ပေးခဲ့ရတယ်။,This bag was expensive
မနက်တိုင်း နွားနို့ တစ်ခွက် သောက်တယ်။,I drink one glass of milk every morning
မနေ့က မစ္စတာယာမာဒါဆီက ခရီးအပြန်လက်ဆောင် ရခဲ့တယ်။,Yesterday I received a souvenir from Mr Yamada
နောက်အပတ်ကစပြီး နှစ်ပတ်ကြာ နိုင်ငံခြားခရီး သွားမယ်။,I will go on a trip abroad for two weeks from next week
ကျောင်းက အဲဒီတောင်နားမှာ ရှိတယ်။,The school is near that mountain
ဘယ်လို ပြောရမလဲ၊ သိပ် နားမလည်ဘူး။,Well I dont know Im not really sure
ကျွန်တော် ကျောင်းသားပါ။,I am a student
ကိုယ် အရမ်း ပူလို့ ကျောင်းမသွားနိုင်ဘူး။,My fever was too high so I couldnt go to school
ဒီစာစီစာကုံးက အရေးအသား တော်တော် ကောင်းတယ်။,You wrote this essay very well
ကလေးလေး ပန်းခြံမှာ ကစားနေတယ်။,There are children playing in the park
နိုင်ငံခြား သွားတဲ့အခါ ပတ်စပို့ လိုတယ်။,You need your passport when you go abroad
ကျွန်တော့်အခန်းမှာ ထိုင်ခုံ သေးသေးလေး ရှိတယ်။,There is a small chair in my room
ပင်လယ်မှာ လူတွေ အများကြီး ရေကူးနေတယ်။,There are many people swimming at the beach
အခု ကျွန်တော့်မိဘတွေ နိုင်ငံခြားမှာ နေတယ်။,My parents are overseas
မစ္စတာလီကို ဆား ယူပေးတယ်။,I got the salt for Mr Lee
မနက်ဖန် လေပြင်းတိုက်မယ်ဆိုပဲ။,They say the wind will blow hard tomorrow
မအိပ်ခင် အပူပေးစက်ကို ပိတ်တယ်။,I turn off the heater before I sleep
အဖြေ မရေးခင် မေးခွန်းကို သေချာ ဖတ်ရတယ်။,When writing an answer you must read the question carefully
ဒီအိမ်မှာ တစ်ယောက်ယောက် နေနေသလိုပဲ။,It feels like someone is living in this house
ရေသောက်ချင်တယ်။,I want to drink water
အိမ်သစ်က မီးဖိုချောင် ကျယ်လို့ အရမ်း အဆင်ပြေတယ်။,It is very convenient because the kitchen in my new house is big
မစ္စတာခိုဘာယာရှိရဲ့ အဒေါ်က တိုကျိုမှာ နေတယ်။,Mr Kobayashis aunt lives in Tokyo
မစ္စတာယာမာဒါက အလွန် တက်ကြွတဲ့လူ ဖြစ်တယ်။,Mr Tanaka is a very cheerful person
အမြဲတမ်း တစ်ယောက်တည်း စာဖတ်နေတယ်။,I always study by myself
ကော်ဖီ သောက်မလား။,Would you like some coffee
ရေကြောင်းနဲ့ စာပို့ရင် အချိန် အရမ်း ကြာတယ်။,If you send a letter by sea it will take time
ရုပ်ရှင်ကြည့်ခဲ့တယ်။,I watched a film
ဒီလက်ဖက်ရည်က ပူတယ်။,This tea is hot
မစ္စတာဟယရှိရဲ့ ထမင်းဘူးက စားချင်စရာကောင်းလိုက်တာ။,Mr Hayashis boxed lunch looks yummy
မနေ့က ကာရာအိုကေ သွားပေမဲ့ သိပ် မဆိုဖြစ်ဘူး။,I went to a karaoke place yesterday but I didnt sing a lot
မီးပိတ်ထားပြီးပြီ။,The lights were already off
ကျွန်တော် တိတ်ဆိတ်ပြီး လှပသန့်ရှင်းတဲ့နေရာမှာ နေချင်တယ်။,I want to live in a quiet and beautiful place
ဘေးနားကစာသင်ခန်းက အရမ်း စည်ကားတယ်။,The class next to ours is very loud
ဘယ်ဟာ အရသာ အရှိဆုံးလဲ။,Which one is the most delicious
ဒီနေ့ ရာသီဥတု မကောင်းဘူး။,The weather is bad today
ဒီပုစ္ဆာက အရမ်း လွယ်တယ်။,This question is very easy
မစ္စတာခိမုရရဲ့ ဆံပင်က အနီရောင်ပါ။,Ms Kimuras hair is brown
မစ္စခိမုရက အရမ်း ချစ်ဖို့ကောင်းတယ်။,Ms Kimura is very cute
မနေ့ကစာမေးပွဲက လွယ်တယ်။,Yesterdays test was easy
ရေချိုးခန်း ဝင်မလို့ အင်္ကျီချွတ်မယ်။,I will take off my clothes because I am going to take a bath
ရေခဲသေတ္တာထဲမှာ ကြက်ဥတွေ ဟင်းသီးဟင်းရွက်တွေနဲ့ သစ်သီးတွေ ရှိတယ်။,There are eggs vegetables fruit and so on in the refrigerator
ကျွန်တော် အဲဒီတောင်ကို တက်ဖူးတယ်။,I have climbed that mountain before
အိမ်သာက ထွက်လာတဲ့အခါ လက်ကို ဆေးတယ်။,I wash my hands after going to the toilet
အိမ်မှာ ခွေးနဲ့ ကြောင် ရှိတယ်။,There are a dog and a cat in my house
လက်ကို အပေါ်ကို မြှောက်တယ်။,I will raise my hand
နိုင်ငံခြားသွားတဲ့အခါ ပတ်စပို့ကို ယူသွားတယ်။,When we go abroad we bring our passports
ညနေ မစောင်းခင်ထိ ဒီအလုပ်ကို ပြီးအောင် လုပ်ရမယ်။,I need to finish this work by evening
မနက်ဖန် မစ္စတာခိမုရနဲ့ နှစ်ယောက်တည်း ရေကူးကန် သွားမယ်။,The two of us Ms Kimura and I will go to the pool tomorrow
အဘိဓာန် သုံးပြီး အင်္ဂလိပ်စာ လေ့လာတယ်။,I study English using a dictionary
စာရေးခုံအောက်မှာ လွယ်အိတ် ရှိတယ်။,There is a bag under the desk
ရှေ့အပတ်က မိုး ဆက်တိုက် ရွာတယ်။,The rain continued for several days last week
ရှေ့အပတ်တုန်းက အမေ့မွေးနေ့။,It was my mothers birthday last week
မစ္စတာယာမာဒါရဲ့ မွေးနေ့ကျရင် ပါတီလုပ်မယ်။,We will have a party for Mr Yamadas birthday
စနေနေ့ နေ့လယ်ပိုင်းမှာ တင်းနစ်ကစားရအောင်လား။,Why dont we play tennis Saturday afternoon
ကျောင်းမှာ နေ့တိုင်း ခန်းဂျီးစာမေးပွဲ ရှိတယ်။,There is a kanji test at school every day
ကျောင်းအထိဆို ဘတ်စကားထက်စာရင် ရထားက ပိုမြန်တယ်လို့ ထင်တယ်။,I think taking the train to school is faster than taking the bus
ဆေးလိပ်သောက်တဲ့အခါ ဆေးလိပ်ပြာခွက်ကို သုံးတယ်။,When I smoke I use an ashtray
ဆရာက မစ္စတာယာမာဒါရဲ့ နာမည်ကို ခေါ်လိုက်တယ်။,The teacher called Mr Yamadas name
ဆောရီးပဲ။ နက်ဖန်ခါတော့ သိပ် အဆင်မပြေဘူး။,B Im sorry Tomorrow is a little
နွေဦးရောက်ရင် နွေးလာမယ်။,It gets warm when it is spring
မနေ့ကစာမေးပွဲက အရမ်း ခက်တယ်။,Yesterdays test was very hard
ဒီခလုတ်ကို နှိပ်ရင် တံခါး ပွင့်မယ်။,If you press this button the door will open
ကျွန်တော်က တိုကျိုမှာ နေပေမဲ့ ညီလေးကတော့ ကျိုတိုမှာ နေတယ်။,I live in Tokyo whereas my little brother lives in Kyoto
အင်း၊ ဟုတ်တယ်။,Yes that is true
ကျွန်တော် ကောင်းတဲ့ဆိုင်ကို သိတယ်။,I know a good shop
ကျွန်တော် တစ်ပတ် တစ်ခါ ကာရာအိုကေ သွားတယ်။,I go to a karaoke place once a week
သန်ဘက်ခါ ပင်လယ်မှာ ရေသွားကူးမယ်လို့ စိတ်ကူးထားတယ်။,I am thinking of going to the beach to swim the day after tomorrow
ခရီး အတူတူ သွားကြမလား။,Would you like to go on a trip together
မနေ့တုန်းကညစာက အသားဟင်းနဲ့ပါ။,Yesterdays dinner was a meat dish
ဂျပန်က ဟင်းတွေက စပ်သလား။,Is Japanese food spicy
လမ်းကူးပြီး ဘယ်ဘက်ခြမ်းကနေ လျှောက်ရအောင်။,Lets cross the street and walk on the left
ကျွန်တော့်မှာ ညီအစ်ကိုမောင်နှမ နှစ်ယောက် ရှိပါတယ်။,I have two brothers
ဟင့်အင်း၊ မကိုက်ဘူး။,No it doesnt hurt
မနေ့တုန်းကပါတီက ပျော်ဖို့ကောင်းပါတယ်။ ဒါပေမဲ့ နည်းနည်းတော့ ပင်ပန်းသွားတယ်။,The party yesterday was fun but it was tiring
မိုးရွာမလိုပဲ။,It looks like it is going to rain
မီးဖို ငြိမ်းသွားလို့ ချက်ချင်း ပြန်ထွန်းလိုက်တယ်။,I turned on the heater quickly when it went out
ဒီမြို့က ကြီးပြီး စည်ကားတဲ့မြို့ ဖြစ်တယ်။,This place is a big and bustling town
နားမလည်တာ ရှိလို့ ဆရာ့ကို မေးမယ်။,I will ask my teacher a question because there is a question I do not understand
ကျွန်တော် မနက်တိုင်း ကော်ဖီ သောက်တယ်။,I drink coffee every morning
မနေ့က သော့ ပျောက်သွားတယ်။,I lost my keys yesterday
မစ္စတာဟယရှိရဲ့ ညီလေးက ဘောလုံး ကစားနေတယ်။,Mr Kobayashis little brother plays football
ကျွန်တော် နွားနို့ မကြိုက်လို့ သိပ် မသောက်ဘူး။,I dont like milk so I dont drink it that much
ဒီလ အလုပ် အရမ်း ရှုပ်တယ်။,I was very busy with work this month
အဲဒီစားသောက်ဆိုင်က ဈေးပေါတယ်။ ဒါပေမဲ့ သိပ် စားလို့မကောင်းဘူး။,That restaurant is cheap but it doesnt taste very good
ကျွန်တော် သစ်သီးတို့ ဟင်းသီးဟင်းရွက်တို့ကို ဟင်းသီးဟင်းရွက်ဆိုင်မှာ ဝယ်တယ်။,I buy fruits and vegetables at a vegetable shop
ဒီဟိုတယ်က တစ်နေ့ကို ယန်းခုနစ်ထောင့်ရှစ်ရာပါ။,This hotel is  yen a day
ဒီည သူငယ်ချင်း အိမ်မှာ လာတည်းမယ်။,My friend is going to stay at my house tonight
ကားက ဈေးကြီးပေမဲ့ အဆင်ပြေတယ်။,Cars are expensive but convenient
တက္ကစီ တစ်စီး ခေါ်မယ်။,I will call a taxi
ကျွန်တော် ဒီသီချင်းကို အကြိုက်ဆုံးပဲ။,I like this song the best
ဂျပန်မှာ အိမ်ထဲကို ဝင်တဲ့အခါ ဖိနပ်ချွတ်တယ်။,In Japan when you enter a house you take off your shoes
ဒီနေ့လည်း ညီမလေးက ကိုယ်တွေ ဆက်တိုက် ပူနေလို့ စိတ်ပူလိုက်တာ။,I am worried because my sister still has a high fever
မစ္စတာလီက ဂျပန်လို တတ်တယ်။,Mr Lee can speak Japanese
ကင်မရာအသစ် ဝယ်လိုက်တယ်။,I bought a new camera
မနက်ဖန်ည သူငယ်ချင်းနဲ့ တွေ့ရမှာမို့ အပြင်ထွက်မယ်။,I will go out with my friend tomorrow night
မစ္စတာဟယရှိဟာ ဘာကို ဝယ်ခဲ့ပါသလဲ။,Which one did Mr Hayashi buy
တိုကျိုကတက္ကသိုလ်မှာ တက်ချင်တယ်။,I wanted to go to a university in Tokyo
စာကြည့်တိုက်မှာ စာအုပ်ကို ကော်ပီကူးခဲ့တယ်။,I copied the book at the library
ဆရာ၊ ဒါ ကျွန်တော့်ရဲ့ အမေပါ။,Miss this is my mother
ဟိုစာသင်ခန်းထဲမှာ တီဗွီ ရှိတယ်။,There is a television in that room
ခရီးသွားတုန်းက ဓာတ်ပုံတွေ အများကြီး ရိုက်ခဲ့တယ်။,I took a lot of pictures during the trip
ကျွန်တော် စာကို သိပ် စိတ်မဝင်စားဘူး။,I do not really like studying
ဒီနေ့ မစ္စတာခိုဘာယာရှိနဲ့ ခဏခဏ တွေ့တယ်။,I have bumped into Mr Kobayashi many times today
ကျွန်တော့်အခန်းက တောင်ဘက်မှာ ရှိလို့ အလင်းရောင် ကောင်းတယ်။,My room faces the south so it is bright
စကားရဲ့ အဓိပ္ပာယ် နားမလည်တဲ့အခါ အဘိဓာန်ကို သုံးတယ်။,When there is I word I dont know I use the dictionary
မနေ့က အရက် နှစ်ခွက် သောက်တယ်။,I had two glasses of alcohol
ကျွန်တော် ကော်ဖီကို နို့ မထည့်ဘဲ သောက်တယ်။,I drink coffee without milk
ဟိုမှာ ခွေး နှစ်ကောင် ရှိတယ်။,There are two dogs over there
မနေ့က သူငယ်ချင်းနဲ့ ဂီတပွဲ သွားခဲ့တယ်။,I went to the concert with my friend yesterday
ဒါ မစ္စတာခိုဘာယာရှိရဲ့ အကြိုက်ဆုံးအစားအစာပါ။,This is Mr Kobayashis favourite food
ဒါလေးက အရမ်း ပေါ့ပြီး အဆင်ပြေတဲ့အဘိဓာန်ပဲ။,This is a very light and convenient dictionary
ဒီစာအုပ်က အလျားထက်စာရင် အနံက ပိုရှည်တယ်။,This notebook is wider than it is tall
ဈေးသက်သာရင် ဝယ်မယ်။,If they are cheap I will buy them
ဟိုမှာ လူတစ်ယောက် ရှိတယ်နော်။ အဲဒီလူက ဘယ်သူလဲ။,There is a person over there Who is he
နေ့တိုင်း အလုပ်များလို့ သိပ် အနားမယူနိုင်ဘူး။,I am busy every day so I cannot really rest
ကျောင်းအထိ လမ်းမလျှောက်ဘဲ ဘတ်စကား စီးတယ်။,I will ride the bus rather than walk to school
ဘေးအိမ်က ခွေးက အကောင်မကြီးဘူး။,The dog next door is not very big
အပြင်ထွက်လို့ ရမလား။,May I go outside
ဒီလမ်းက ကွေ့ကောက်နေတယ်။,This road has twists and turns
ကျွန်တော် အဖေ့ဆီက စာအုပ် ရခဲ့တယ်။,I received a book from my father
စုစုပေါင်း တစ်ဆယ် ရှိတယ်။,There are ten in all
ဟိုတယ်လီဖုန်းနဲ့ နိုင်ငံခြားကို ဖုန်းခေါ်လို့ရသလား။,Can you call abroad with that phone
မနက်ဖန် နေသာရင် တင်းနစ်ကစားကြမယ်။,If it is sunny tomorrow lets play tennis
ကျွန်တော် ဘတ်စကား စောင့်နေတယ်။,I am waiting for the bus
မနက်တိုင်း ကိုးနာရီမှာ ကုမ္ပဏီ သွားတယ်။,I always go to work at nine in the morning
အပြင်ထွက်တဲ့အခါ လက်ကိုင်ပဝါ ယူသွားတယ်။,I bring a handkerchief with me when I go out
ဒီဖိနပ်က အဟောင်းပါ။,These shoes are old
စာကြည့်တိုက်မှာ စာအုပ်စင်တွေ အများကြီး တန်းစီနေတယ်။,There are a lot of bookshelves lined up in the library
မိုးရွာလို့ ဘေ့စ်ဘောပြိုင်ပွဲ မရှိဘူး။,It was raining so there wasnt a baseball game
ကျွန်တော့်ရှေ့မှာ မစ္စတာမဆုအိ ထိုင်တယ်။,Ms Matsui sat in front of me
ရေခဲသေတ္တာထဲမှာ ဟင်းသီးဟင်းရွက်နဲ့ ကြက်ဥ ရှိတယ်။,There are vegetables and eggs in the refrigerator
လမ်း အများကြီး လျှောက်လိုက်လို့ ခြေထောက် ညောင်းသွားတယ်။,My legs are tired because I walked so much
ကျွန်တော် အခု ကိုယ်အလေးချိန် လေးဆယ့်ငါးကီလိုဂရမ် ရှိတယ်။,I weigh  kilograms
ကျွန်တော် မစ္စတာယာမာဒါရဲ့ ဖုန်းနံပါတ်ကို သိတယ်။,I know Mr Yamadas telephone number
ပူလို့ ရေကူးကန်မှာ ရေကူးတယ်။,It was hot so we swam in the pool
ဒီလွယ်အိတ် အကြွေးဝယ်ကတ်နဲ့ ဝယ်ထားတာ။,I bought this bag with my credit card
မနေ့က အမေ့ဆီ ပစ္စည်း ပို့လိုက်တယ်။,I sent baggage to my mother yesterday
ပန်းခြံမှာ ဂီတပွဲ ရှိတယ်။,There will be a concert at the park
ဆရာက မေးခွန်းထုတ်လိုက်ပါတယ်။,The teacher asked a question
ဟလို၊ ခိမုရပါ ခင်ဗျာ။,Hello this is Kimura
အမဲသားက အသားတွေထဲမှာ ဈေးအကြီးဆုံးပဲ။,Beef is the most expensive of all kinds of meat
ဝက်သား နှစ်ရာဂရမ် ဝယ်မယ်။,I will buy  grams of pork
မနေ့နေ့လယ်က မစ္စတာခိမုရနဲ့ ကော်ဖီဆိုင် သွားတယ်။,I went to a cafe with Mr Kimura during lunchtime yesterday
ဧည့်လမ်းညွှန်က မြို့ရဲ့ အကြောင်းကို ပြောပြပေးတယ်။,The guide taught us about this town
မင်းတို့ သွားရင် ငါလည်း သွားမယ်။,If everyone is going then I will go too
ကျွန်တော့်အဖေက ဘဏ်ဝန်ထမ်းပါ။,My father is a bank employee
အိမ်ပြန်ရောက်ရင် သန့်ရှင်းရေးလုပ်မယ်လို့ စိတ်ကူးတယ်။,I am thinking of cleaning when I get home
အပြန်ရထား မရှိလို့ သူငယ်ချင်းအိမ်မှာ ဝင်တည်းတယ်။,I stayed overnight at my friends house because there was no train to go home
ရေ နောက်တစ်ခွက် ထပ်သောက်မယ်။,I will drink one more glass of water
ဆယ်နာရီ ငါးဆယ့်တစ်မိနစ်ပါ။,It is  right now
အဲဒီလူက ဂျပန်စာဆရာ ဖြစ်မယ် ထင်တယ်။,I think that person is a Japanese teacher
စာအိတ်မှာ နာမည်ကို ရေးလိုက်မယ်။,I will write my name on the envelope
ကျွန်တော် နောက်လ ဂီတဖျော်ဖြေပွဲမှာ စန္ဒရားတီးမယ်။,I will play the piano at the concert next month
မစ္စတာမဆုအိဆီက ဒီည သွားမယ့် စားသောက်ဆိုင်ရဲ့ ဖုန်းနံပါတ်ကို မေးထားတယ်။,I asked Mr Matsui the telephone number of the restaurant we are going to tonight
မိုးရွာနေလို့ ကျောင်းကို ထီးဆောင်းသွားတယ်။,It is raining so I will put up an umbrella and go to school
မစ္စတာတာနာခါ အခု ဘာလုပ်နေလဲ။,What is Mr Tanaka doing
မစ္စတာတာနာခါရဲ့ ကားက အဖြူရောင်ခပ်ကြီးကြီးကားပါ။,Mr Tanakas car is big and white
ဒီနေ့ စားသောက်ဆိုင်မှာ ညစာစားမယ်။,I will eat dinner at a restaurant today
အဲဒီလမ်းဆုံကို ဖြတ်ပြီး ဘယ်ဘက်ကို ကွေ့မယ်။,We cross that intersection and go left
ဒီအိမ်ခန်းက အိမ်လခ ဈေးကြီးတယ်။,The rent for this flat is expensive
ကျောင်းပြီးရင် အလှပြင်ဆရာ လုပ်မယ်။,I would like to become a hairdresser after I graduate
တံတားကို ကူးရင် ချက်ချင်း ပန်းခြံ ရှိတယ်။,When you cross the bridge there is a park right there
ခုနစ်နာရီတောင် ခွဲပြီ၊ အိမ်က မထွက်လို့မဖြစ်တော့ဘူး။,It is already  so I must get out of the house
မစ္စတာယာမာဒါက သန်စွမ်းပြီး တက်တက်ကြွကြွ ရှိတယ်။,Mr Yamada is strong and healthy
အဲဒီအထုပ်ကို ကျွန်တော် သယ်ပေးမယ်။,I will hold that baggage
ဘဏ်မှာ ငွေချေးတယ်။,I will borrow money from the bank
အဖေ့ရဲ့ မွေးနေ့က ခြောက်လပိုင်း ငါးရက်နေ့ပါ။,My fathers birthday is the fifth of June
ဆေးသောက်လိုက်တာမို့လို့ ကောင်းသွားမှာပါ။,I already took my medicine so Im alright
မစ္စတာတာနာခါရဲ့ အိမ်ကခြံဝန်းထဲမှာ သစ်ပင်ပန်းပင်တွေ ရှိတယ်။,There are trees and flowers in Mr Tanakas home garden
ရှူးဖိနပ်ကို ချွတ်ပြီး ဖိနပ်ပါးကို စီးတယ်။,I take off my shoes and put on slippers
လမ်းဆုံမှာ ရဲတွေ အများကြီးပဲ။,There are a lot of policemen at the intersection
မစ္စတာတာနာခါရဲ့ အိတ်က အဲဒီမှာ ရှိတယ်။,Mr Tanakas bag is there
အမြဲတမ်း ကိုးနာရီကျော်မှာ အတန်းစတယ်။,Class always starts after
အခန်းထဲမှာ ညီမလေး ငိုနေတယ်။,My sister is crying in her room
အရက်သောက်ပြီးတဲ့အခါ ရေသောက်ပေးရင် ကောင်းတယ်။,After drinking alcohol it is good to drink water
စာမေးပွဲ ဖြေပြီးပြီလား။ ပြီးရင် ထပ်လိုက်ပါ။,Have you finished your test Well then please hand it in
ကျွန်တော်နဲ့ မစ္စတာလီနဲ့က အဖွဲ့ အတူတူပဲ။,Mr Lee and I are in the same group
ဒီစားပွဲက ဝိုင်းတယ်။,This table is round
အဲဒါ ဘယ်လိုအစားအစာမျိုးလဲ။,What kind of food is it
ရှစ်လပိုင်း တစ်ရက်နေ့ကစပြီး နွေရာသီ ပိတ်ပြီ။,It is summer vacation from the first of August
မစ္စတာယာမာဒါရဲ့ အမေက ဟင်းချက် အရမ်း တော်တယ်။,Mr Yamadas mum is very good at cooking
မစ္စတာလီက ဂျပန်ဘာသာနဲ့ စာတစ်စောင် ရေးခဲ့တယ်။,Mr Lee wrote a letter in Japanese
အအေးမိသွားလို့ ဆေးသောက်မယ်။,Im going to take some medicine because I have a cold
ဒီမဂ္ဂဇင်းက ဖတ်လို့ကောင်းတယ်။,This magazine is interesting
ဒီတောင်က နိမ့်တယ်။,This mountain is low
လက်ဖက်ရည်တို့ဘာတို့ သောက်ဦးမလား။,How about tea
အခု ဘယ်နှနာရီ ဘယ်နှမိနစ် ရှိပြီလဲ။,What time is it now
ကျွန်တော် မနက်တိုင်း ဟင်းသီးဟင်းရွက်နဲ့ သစ်သီး စားတယ်။,I eat vegetables and fruit every morning
ဘာအစားအစာ ကြိုက်သလဲ။,What is your favourite food
ပြည်ပမှာ ဂျပန်ကားတွေ ရောင်းနေတယ်။,Japanese cars are sold overseas
မနေ့က ကုန်တိုက်မှာ ဆွယ်တာတွေ စကတ်တွေ ဝယ်ခဲ့တယ်။,I bought a sweater skirt and so on at the department store yesterday
ဘူတာကနေ စာကြည့်တိုက်အထိ နှစ်ကီလိုမီတာ ရှိတယ်။,It is two kilometres from the station to the library
ဒီဘောပင်က တုတ်တယ်။,This bread is thick
နေ့တိုင်း ကျောင်းဆင်းရင် တင်းနစ် လေ့ကျင့်တယ်။,I practise tennis every day after school finishes
သူငယ်ချင်းဆီက ခရီးအပြန်လက်ဆောင် ရခဲ့တယ်။,I received a souvenir from my friend
အန္တရာယ်များလို့ ဓား မသုံးရဘူး။,You cannot use a knife because it is dangerous
ဇီးရိုးက သုံညနဲ့ အတူတူပဲ။,Zero is the same as nought
ကျွန်တော် မစ္စတာမဆုအိ ရေးတဲ့ စာစီစာကုံးကို ဖတ်တယ်။,I read the composition Mr Matsui wrote
ပိုက်ဆံ ထည့်ပြီး ခလုတ်ကို နှိပ်တယ်။,We put money in and push this button
မစ္စတာလီ ဂျပန်စကား နားလည်တယ်။,Mr Lee understands Japanese
အဲဒီအိတ်ကြီးက ကျွန်တော့်ဟာပါ။,That big bag is mine
ရေဒီယိုကက်ဆက်က ရေဒီယိုရော သီချင်းရော နားထောင်လို့ရတယ်။,You can listen to both music and the radio on a radio cassette recorder
လတိုင်း နိုင်ငံခြားကသူငယ်ချင်းဆီကို စာရေးတယ်။,Every month I write a letter to my friend overseas
ဒီစကားက အမှန်တကယ်။,This story is true
ကျေးဇူးတင်ပါတယ်။ ဒီလောက်ဆို တော်ပါပြီ။,Thank you This is enough
မနေ့က ရထားပေါ်မှာ ထီးမေ့ကျန်ခဲ့တယ်။,I forgot my umbrella in the train yesterday
ဒါ ဂျပန်ရှေးဟောင်းရုပ်ရှင် ဖြစ်ပါတယ်။,This is an old Japanese film
ဒီရုပ်ရှင်က အရမ်း စိတ်ဝင်စားဖို့ ကောင်းတယ်။,This film is very interesting
မနက်ဖန် မနက်စောစော ထမယ်။,I will wake up early tomorrow morning
ကျွန်တော် ဒီဟင်း မှာမယ်။,I will order this dish
ဂျပန်မှာ အသက်နှစ်ဆယ်ကစပြီး အရက် သောက်လို့ရတယ်။,In Japan we can drink at twenty years of age
ဒီကုတ်အင်္ကျီက တစ်သောင်းပါ။,This coat costs ten thousand yen
မလုပ်ချင်ရင် မလုပ်လည်း ရတယ်။,If you dont like it you can stop
အိမ်ပြန်မယ်။,I will go home
ညီမလေး အိပ်သွားပြီ။,My sister already went to bed
မစ္စတာလီ မနေ့က မစ္စတာမဆုအိဆီမှာ ခန်းဂျီး သင်တယ်။,Yesterday Mr Lee learned Kanji from Mr Matsui
လေဆိပ်မှာ ပတ်စပို့ကို ပြတယ်။,We show our passports at the airport
စာသင်ခန်းက ထွက်မယ်။,I will get out of the classroom
မစ္စတာယာမာဒါက ညီမလေးကို စာအုပ် ပေးတယ်။,Mr Yamada gave a book to my little sister
ကျွန်တော် အဘိုးကို လမ်းညွှန်ပေးလိုက်တယ်။,I told an old man the way
ပေါင်မုန့်ပဲ စားလိုက်တယ်။,I only ate bread
မနှစ်ကထက်စာရင် ဒီနှစ်က ပိုပူတယ်။,It is hotter this year than last year
ဒီနေ့ သူငယ်ချင်းနဲ့ ညစာ စားလာတယ်။,I had dinner with my friend today
မနက်စာဆို အမြဲတမ်း ပေါင်မုန့်ပဲ စားတယ်။,I always eat bread for breakfast
ဪ၊ ဟုတ်လား။,Oh is that so
အမြဲတမ်း ဘယ်မှာ ထမင်းစားသလဲ။,Where do you usually eat lunch
မစ္စတာခိုဘာယာရှိက အဲဒီစားသောက်ဆိုင်ကို မသိဘူး။,Mr Kobayashi did not know the restaurant
ရေဒီယိုနဲ့ သတင်း နားထောင်တယ်။,I listen to the news on the radio
တက္ကသိုလ်ပြီးရင် သွားဆရာဝန် ဖြစ်ချင်တယ်။,I want to become a doctor when I graduate from university
အဲဒီဓာတ်ပုံက ရှေ့လက တိုကျိုမှာ ရိုက်ထားတာ။,I took that picture last month
အိမ်ရောက်ရင် ဆက်သွယ်လိုက်မယ်။,I will contact you when I get home
ဘူတာရဲ့ ဝင်ပေါက်မှာ လက်မှတ်ကို ပြတယ်။,I will show the ticket at the entrance to the station
ဒီနေ့တော့ အိမ်ပြန်မယ်။,I will go home for today
ကျွန်တော် ဘူတာဝန်ထမ်းကို လက်မှတ် ပြလိုက်တယ်။,I showed my ticket to the station staff
မစ္စတာမဆုအိ အိမ်စာမလုပ်သေးဘူး။,Mr Matsui hasnt started homework yet
စာကြည့်တိုက်ကနေ စာအုပ် သုံးအုပ် ငှားခဲ့တယ်။,I borrowed three books at the library
မနက်ဖန် အထုပ် ရောက်မယ်။,The baggage will arrive tomorrow
ဘဏ်မှာ ငွေ သွားလွှဲမယ်။,I will go to the bank to transfer money
ဘူတာအထိ လမ်းလျှောက်သွားမယ်။,I will walk to the station
သန့်စင်ခန်းက နှစ်ထပ်မှာ ရှိတယ်။,The toilet is on the second floor
အမြဲတမ်း ဒီမှာ နေ့လယ်စာ စားတယ်။,I eat lunch here every day
ရေချိုးခန်းမှာ ဆပ်ပြာ မရှိဘူး။,There is no soap in the bathroom
စာသင်ချိန်မှာ ဦးထုပ်မဆောင်းရဘူး။,You may not wear a hat during class
မနက်ဖန် တင်းနစ်ပြိုင်ပွဲ ရှိတယ်။,There is going to be a tennis match tomorrow
တက္ကသိုလ်ကျောင်းရှေ့မှာ စာအုပ်ဆိုင်ကြီးတစ်ဆိုင် လာဖွင့်ထားတယ်။,A big bookstore was built in front of the university
ပြင်သစ်ဟင်းလျာက ဓားနဲ့ ခက်ရင်းကို သုံးပြီး စားတယ်။,We use a knife and fork when we eat French food
တီဗွီက မျက်စိအတွက် မကောင်းဘူး။,Watching TV is not good for your eyes
အဲဒါ ဒီနေ့သတင်းစာပါ။,That is todays newspaper
မနက်ဖန် သူငယ်ချင်းနဲ့ ရုပ်ရှင် သွားကြည့်မယ်။,I will go see a film with my friend tomorrow
သူငယ်ချင်းနဲ့ အမြဲလိုလို ရုပ်ရှင်ကြည့်လိုက် ရေကူးကန် သွားလိုက် လုပ်တယ်။,I often go to the cinema and pool with my friend
အမေ့ဆီက အဆက်အသွယ် မလာလို့ စိတ်ပူခဲ့တယ်။,I was worried because my mother did not contact me
ကုန်တိုက်မှာ အဝတ်အစားအသစ်ကို ဝယ်တယ်။,I bought new clothes at a department store
ဒီစာအုပ်က စိတ်ဝင်စားဖို့မကောင်းဘူး။,This book is boring
ဒီစာအုပ်က စာမျက်နှာ တစ်ရာ့နှစ်ဆယ် ရှိတယ်။,This book has  pages
ကျွန်တော် ဒီလိုဦးထုပ် လိုချင်တယ်။,I want a hat like this
မနေ့က ပင်ပန်းသွားလို့ မနက်က နောက်ကျမှ အိပ်ရာထတယ်။,I was tired yesterday so I woke up late this morning
ကျောင်းကနေ အိမ်အထိ ခြေလျင်လျှောက်တယ်။,I will walk from school to my house
မနက် အိပ်ရာထပြီးတော့ မျက်နှာသစ်တယ်။,When I wake up I wash my face
အဲဒီအလုပ်ကို ကျွန်တော် လုပ်ပါ့မယ်။,I will do that work
အမလေး၊ တော်ပါသေးရဲ့။,Oh good
မစ္စတာလီ အအေးမိနေလို့ နေမကောင်းဘူး။,Mr Lee caught a cold so he is not healthy
ဖိနပ်အသစ် စီးပြီး အပြင်ထွက်မယ်။,I will wear new shoes and go out
ဟိုတယ်မှာ တည်းမယ်။,I will stay at a hotel
ဒီနေ့ ရေမချိုးပါနဲ့။,Please dont take a bath today
မစ္စတာတာနာခါဟာ ကျောင်းသား မဟုတ်ပါဘူး။,Mr Tanaka is not a student
နောက်ထပ် အလုပ်လေး နည်းနည်း လုပ်ပြီး ပြန်မယ်။,I will go home after I do a little bit more work
ခုနစ်နာရီမှာ အိမ်က ထွက်မယ်။,I leave home at seven
မနက်ဖန် ကုမ္ပဏီ စောစော သွားမယ်။,I will go to my office early tomorrow
မစ္စတာတာနာခါက ဂီတာ တီးရင်းနဲ့ သီချင်းဆိုတတ်တယ်။,Mr Tanaka can sing while playing the guitar
ကျေးဇူးတင်ပါတယ်။,Thanks a lot
ရှေ့အပတ်က မစ္စတာလီနဲ့ ရုပ်ရှင်ရုံကို သွားပြီး ရုပ်ရှင် ကြည့်ခဲ့တယ်။,Last week I went to the cinema with Mr Lee and watched a film
မနေ့ကစာမေးပွဲ ကောင်းကောင်း ဖြေနိုင်တယ်။,I did well on yesterdays test
ကြက်သားက ဈေးပေါပေမဲ့ အမဲသားက ပိုစားလို့ကောင်းတယ်။,Chicken is cheap but beef tastes better
ခေါင်းကိုက်လား။,Does your head hurt
ဒါဖြင့်၊ အတန်းစမယ်။,We will be starting class now
ခြေထောက်နာလို့ မပြေးနိုင်တော့ဘူး။,I cannot run anymore because my feet hurt
ကျွန်တော် သန့်ရှင်းရေးတို့ အဝတ်လျှော်တာတို့ကို လုပ်ရတာ မုန်းတယ်။,I dont like cleaning or doing the laundry
ဘရာဇီးဟာ ဘောလုံး အရမ်း အားသာတဲ့နိုင်ငံ ဖြစ်တယ်။,Brazil is a country that has a strong football team
နင် ဟိုဘက်မှာ အလုပ်လုပ်နေပါ။,You should work over there
အဖေ မနက် အိပ်ရာထတိုင်း သတင်းစာ ဖတ်တယ်။,Every morning my father reads the newspaper after waking up
ဒီလမ်းက အရမ်း ကျဉ်းပြီး အန္တရာယ်များတယ်။,This road is narrow and dangerous
ဒီနေရာက ဒုတိယထပ်ပါ။,This is the second floor
ကျွန်တော် နေ့တိုင်း စန္ဒရား လေ့ကျင့်တယ်။,I practise the piano every day
ဟိုဘက်ကပြတင်းပေါက်ကို ဖွင့်လိုက်ပါ။,Please open the window over there
ညဘက်က မှောင်တော့ အန္တရာယ်များတယ်။,The night is dark so it is dangerous
ရေနွေးကြမ်း ပူပူလေး သောက်ချင်တယ်။,I would like to drink some hot tea
အမေ ချက်တဲ့ဟင်းက အရမ်း စားလို့ကောင်းတယ်။,The food my mother cooks is very good
နောက်လမှာ တရုတ်ပြည်က ပညာတော်သင်ကျောင်းသား လာမယ်။,An international student from China will come next month
ကျွန်တော် ပေါ့တဲ့ ဖိနပ် လိုချင်တယ်။,I want shoes that are light
စာသင်ချိန်မှာ ဆရာ့စကားကို သေချာ နားထောင်ရမယ်။,We must listen to the teacher carefully during class
ဒီဓာတ်လှေခါးက နှစ်ထပ်ကနေ ကိုးထပ်အထိ ရပ်တယ်။,This lift will stop from the second floor to the ninth floor
ဟင်းထဲကို သကြားနဲ့ ဆား ထည့်ချက်တယ်။,I put in sugar and salt and cook a meal
စာအုပ်လေးဘာလေး နည်းနည်းပါးပါး ဖတ်ပြီး အိပ်မယ်။,I will read a little before sleeping
ပြတင်းပေါက် ဖွင့်လိုက်တော့မှ နည်းနည်း အေးသွားတယ်။,When I opened the window it became a little cooler
ရှေ့လက ဘေးကပ်လျက်မြို့မှာ ကုန်တိုက်အသစ် ဖွင့်တယ်။,Last month a department store was opened next to our town
အခန်းမီး ဖွင့်ပြီး စာဖတ်တယ်။,I study with the room lights on
ဒီမြို့ရဲ့ အရှေ့ဘက်က အားလုံး သစ်တောတွေပါ။,There is a forest on the east side of this town
ဗလာစာအုပ်က လွယ်အိတ်ထဲမှာ ရှိတယ်။,The notebook is inside the bag
ဓာတ်ပုံတွေ အများကြီး ရိုက်လိုက်လို့ ဖလင် မရှိတော့ဘူး။,I took a lot of pictures so I do not have any more film
ဒါကို မိတ္တူ ငါးစောင် ကူးမယ်။,I will make five copies of this
စာအုပ်စင်မှာ စာအုပ်တွေ အများကြီး စီထားတယ်။,There are a lot of books arranged on the bookshelf
ကောင်တာမှာ ရှိတဲ့ ဘဏ်ဝန်ထမ်းတွေက မိန်းကလေးတွေ များတယ်။,The bank employees at the counter are mostly women
လေယာဉ်ကွင်း သွားတဲ့ဘတ်စကားက ဟိုဘက်ခြမ်းက လာမှာ။,The bus that goes to the airport stops on the other side of the road
မစ္စတာဟယရှိက လူနေထူထပ်တဲ့ မြို့မှာ နေတယ်။,Mr Hayashi lives in a town where there are a lot of people
တီဗွီကြည့်ရင်း ထမင်းစားတယ်။,I ate food while watching TV
ကျွန်တော် မြင့်တဲ့နေရာမှာ နေချင်တယ်။,I want to live in a high place
အခု ဆယ့်နှစ်နာရီ ကျော်ပြီ။,It is past  now
တစ်နေ့က ကုန်တိုက်မှာ ဖိနပ်အသစ် ဝယ်ခဲ့တယ်။,The day before yesterday I bought new shoes at the department store
စာရေးခုံပေါ်မှာ စာအုပ် ထားတယ်။,I will put a book on the desk
အိမ်အသစ်က ဘူတာနဲ့ နီးလို့ အရမ်း အဆင်ပြေတယ်။,The new house is close to the station so it is very convenient
မစ္စတာခိမုရက ကျွန်တော့်ကို ဓာတ်ပုံ ပြတယ်။,Ms Kimura showed me the picture
နွေကုန်ရင် ဆောင်းဦး လာမယ်။,When summer ends autumn comes
အခန်းမှာ ရှိတုန်းက ဖုန်းဆက်တယ်။,I telephoned while I was in my room
မေးခွန်း ခက်လို့ မဖြေနိုင်ဘူး။,I couldnt answer the question because it was too hard
အခု ဆယ်နာရီပဲ ရှိသေးတယ်။,It is still  now
ဟို ဆံပင်အနက်ရောင်နဲ့လူက မစ္စတာမဆုအိပါ။,That person with black hair is Mr Matsui
ကုမ္ပဏီ သွားတဲ့အခါ အနက်ရောင်အနောက်တိုင်းဝတ်စုံကို ဝတ်တယ်။,When I go to work I wear a black suit
ဟီရဂန ရေးတတ်ပေမဲ့ ခတခနတော့ မရေးတတ်သေးဘူး။,I can write hiragana but I cannot write katakana yet
မစ္စတာမဆုအိနဲ့ မစ္စတာလီက သူငယ်ချင်းတွေပါ။,Mr Matsui and Mr Lee are friends
မနေ့က အရက် နည်းနည်း သောက်ခဲ့တယ်။,I drank a little bit of alcohol yesterday
ဒီလ နှစ်ဆယ်ရက်နေ့မှာ ဂျပန်စာစာမေးပွဲ ရှိတယ်။,There is going to be a Japanese test on the twentieth of this month
အမေရိကမှာ အင်္ဂလိပ်စာကို သုံးလ လေ့လာခဲ့တယ်။,I studied English in America for three months
ပေါင်မုန့် ဘယ်နှခု ဝယ်လိုက်လဲ။,How many pieces of bread did you buy
ကျွန်တော် ဂျပန်စာအဘိဓာန် လိုချင်တယ်။,I want a Japanese dictionary
နက်ဖန်မနက်ကျရင် အဝတ်လျှော်ရမယ်။,I must do the laundry tomorrow morning
ဒီနေ့ ဒီဆိုင်မှာ အသား ဈေးပေါတယ်။,The meat at this store is cheap today
မစ္စတာမဆုအိက လက်ရေး ကောင်းတယ်။,Mr Matsui is good at handwriting letters
စနေနေ့ကျရင် မစ္စတာဟယရှိရဲ့  အိမ်မှာ ညစာစားမယ်။,I will eat dinner at Mr Hayashis house this Saturday
ဒီမနက်က ရာသီဥတုသာယာတယ်။,The weather is nice this morning
ဖွင့်ပိတ်ခလုတ်ကို ဖွင့်ပြီး မီးထွန်းတယ်။,I will switch on the light
အဲ့ဒီဟင်းသီးဟင်းရွက်ဆိုင်ကဦးလေးကြီးက အမြဲတမ်း တက်ကြွနေတာပဲ။,That middleaged man at the vegetable shop is always buoyant
ကျွန်တော် အရက် သိပ် မသောက်ဘူး။,I do not drink a lot of alcohol
ဘူတာရဲ့ အနောက်မှာ စူပါမားကက် ရှိတယ်။,There is a supermarket behind the station
မစ္စတာယာမာဒါ နောက်လမှာ တိုကျိုကို သွားမယ်တဲ့။,Mr Yamada will be going to Tokyo next month
အဲဒီအကြောင်းကို ကျွန်တော် ဆရာ့ကို ပြောမယ်။,I will tell the teacher about that
မစ္စတာတာနာခါဆီကို စာပို့မယ်။,I will send a letter to Mr Tanaka
နောက်ငါးမိနစ်ဆို အတန်းပြီးမယ်။,The class will finish in five minutes
ကျွန်တော် နေ့တိုင်း တင်းနစ် လေ့ကျင့်တယ်။,I practise tennis every day
ဒီကနေ အနောက်ဘက်ကို နည်းနည်း သွားရင် ပင်လယ် ရှိတယ်။,If you head a little bit more west there is a beach
ဆယ့်တစ်နာရီမှာ အိပ်တယ်။,I will go to sleep at
ဆရာ့ဆီက ကြားတာ၊ နောက်လကစပြီး ကျောင်းသားသစ် လာမယ်ဆိုပဲ။,I heard from the teacher that there will be a new student coming next month
နောက်လဆန်း နိုင်ငံကို ပြန်မယ်။,I will go back to my country at the beginning of next month
ဟင့်အင်း၊ မဟုတ်ဘူး။,No thats not correct
ဒီနာရီ ကျိန်းသေ ဈေးကြီးမှာ သေချာတယ်။,This watch must be expensive
ဒီစာအုပ်က အရမ်း အရေးကြီးလို့ မပျောက်ပါစေနဲ့။,This book is very important so please do not lose it
အမှောင်ခန်းထဲမှာ စာအုပ် ဖတ်လိုက်တာ မျက်စိ ညောင်းသွားတယ်။,My eyes became tired because I was reading a book in a dark room
မနေ့က အလုပ်များလို့ အရမ်း ပင်ပန်းသွားတယ်။,I was busy yesterday so I got very tired
ကျွန်တော် တမြန်နှစ်က ဒီတောင်ကို တက်ခဲ့တယ်။,I climbed this mountain two years ago
ပေါင်မုန့် တစ်ဝက် စားလိုက်တယ်။,I ate half a loaf of bread
ဟုတ်ကဲ့၊ ဘာပါလဲ ခင်ဗျာ။,Yes what is it
နေ့တိုင်း တီဗွီ ကြည့်ပြီး ဂျပန်စာကို မှတ်တယ်။,I remember Japanese by watching TV every day
တတိယထပ်ကို ဘယ်လို သွားရမလဲ။,How do we get to the third floor
အဝါရောင်ရှပ်အင်္ကျီ ဝတ်ထားတဲ့တစ်ယောက်က မစ္စတာဟယရှိပါ။,The person who is wearing a yellow shirt is Mr Hayashi
မနက်ဖန် နိုင်ငံခြားသားမိတ်ဆွေနဲ့ တွေ့မယ်။,I will meet a foreigner friend tomorrow
ဘူတာကနေ ဆေးရုံကို ဘတ်စကားနဲ့ ဆယ်မိနစ် ကြာတယ်။,It takes  minutes by bus from the station to the hospital
ပန်းခြံမှာ ကလေးတွေ ကစားနေတယ်။,There are children playing at the park
မစ္စတာမဆုအိက ဘောလုံးထက် ဘေ့စ်ဘော ပိုတော်တယ်။,Mr Matsui is better at football than baseball
မစ္စတာဟယရှိရဲ့ အမျိုးသားက ဆေးရုံမှာ အလုပ်လုပ်နေတယ်။,Ms Kobayashis husband works at a hospital
မနေ့က သူငယ်ချင်းဆီ စာရေးခဲ့တယ်။,I wrote a letter to my friend yesterday
သန်ဘက်ခါ ဘေ့စ်ဘောပြိုင်ပွဲ ရှိတယ်။,There is a baseball game the day after tomorrow
ကျွန်တော် နွေရာသီပိတ်ရက်မှာ ခရီးထွက်တယ်။,I travelled during summer vacation
ရဲကင်းက ရဲသားကို လမ်းမေးခဲ့တယ်။,I asked the police at the police box which way to go
ကုမ္ပဏီ သွားတဲ့အခါ အနောက်တိုင်းဝတ်စုံ ဝတ်တယ်။,I wear a suit when I go to work
မစ္စတာခိမုရက ဖုန်း ငှားပေးထားတယ်။,I borrowed a phone from Mr Kimura
တနင်္လာနေ့၊ ဗုဒ္ဓဟူးနေ့နဲ့ သောကြာနေ့တွေမှာ ဘောလုံးလေ့ကျင့်ရေး ရှိတယ်။,I have football practice on Mondays Wednesdays and Fridays
ဒီည ကျွန်တော် ဘူတာမှာ မစ္စတာခိုဘာယာရှိကို စောင့်မယ်။,I will wait for Mr Kobayashi at the station this evening
ကား ဝယ်ထားရင် ဘယ်မဆို သွားနိုင်တယ်။,If you buy a car you can go anywhere
ကျွန်တော့်ကို မြို့ငယ်လေးတစ်မြို့မှာ မွေးခဲ့တယ်။,I was born in a small town
ဒီနေ့ တနင်္ဂနွေနေ့ဆိုပေမဲ့ အလုပ် ရှိတယ်။,Although today is a Sunday I have work
မနက်ဖန် မစ္စတာခိုဘာယာရှိ အလုပ်ရှိလို့ မလာနိုင်ဘူး။,Mr Kobayashi has work tomorrow so he cannot come
အိမ်ကတံခါးရဲ့ရှေ့မှာ ကြောင် ရှိတယ်။,There is a cat in front of the gate of the house
ဒီဟင်းက ဘာမှ မဆမ်းဘဲ စားရတယ်။,We eat this without putting anything on it
အခန်းက မှောင်လို့ မီးကို ထွန်းတယ်။,The room is dark so I will turn on the light
ဂျပန်ကားက ဈေးကြီးပေမဲ့ ကောင်းတယ်။,Japanese cars are expensive but good quality
ဂျပန်စာစာသင်ခန်းက ဘယ်မှာလဲ။,Where is the Japanese classroom
ရှေ့အပတ်က အစ်မရဲ့ မင်္ဂလာပွဲ ရှိလို့။,My sisters wedding party was held last week
မနက်ဖန် ဘယ်သူနဲ့ တွေ့ဖို့ ရှိလဲ။,Who will you meet tomorrow
ကျွန်တော် မနက်တိုင်း လမ်းလျှောက်တယ်။,I take a walk every morning
တနင်္ဂနွေနေ့မှာ တင်းနစ်ရိုက်တယ်။,I play tennis on Sundays
မနက်ဖန် စာမေးပွဲ ရှိလို့ ဒီည စာဖတ်မယ်။,I have a test tomorrow so I will study tonight
မစ္စခိုဘာယာရှိက စကတ်ထက် ဘောင်းဘီကို ပိုကြိုက်တယ်။,Ms Kobayashi likes pants better than skirts
အဖြေ ရေးပြီးတဲ့စာရွက်ကို ထပ်လိုက်ပါ။,Please hand in the paper with the answers written on it
ဒီနေ့ လေမတိုက်ဘူး။,There is no wind today
ဘာ လိုချင်ပါသလဲ။,Which one do you want
မစ္စတာမဆုအိက ဂီတာတီးတတ်တယ်။,Mr Matsui can play the guitar
ဒီညတော့ အချိန် နည်းနည်းကြာကြာလေးလောက် စာဖတ်မယ်လို့ စိတ်ကူးထားတယ်။,I am thinking of studying for a long time this evening
ဒီမဂ္ဂဇင်းက ထူပြီး လေးတယ်။,This magazine is thick and heavy
မစ္စတာတာနာခါဆီက ရခဲ့တဲ့မုန့်ကို စားလိုက်တယ်။,I ate the snack I received from Mr Tanaka
ပန်းခြံမှာ ပန်းလှလှလေးတွေ အများကြီး ပွင့်နေတယ်။,There are a lot of pretty flowers in bloom in the park
ဒီအနီးတဝိုက်ကပင်လယ်က ညစ်ပတ်တယ်။,The sea around here is dirty
ကျောင်းပိတ်တယ်။,There is no school
လူငယ်ပိုင်းတုန်းကဆို ခဏခဏ ရေကူးတယ်။,I used to swim a lot when I was young
ဒီနေ့ မအေးဘူး။,It is not cold today
မစ္စတာတာနာခါ ကိတ်မုန့် ငါးခု ဝယ်ခဲ့တယ်။,Mr Tanaka bought five pieces of cake
မနေ့ကအတန်းက အချိန်ရှည်တယ်။,Yesterdays class was long
ဟိုဘက်က ကောင်းကင်မှာ ငှက်တွေ ပျံနေတယ်။,The bird is flying over there
စာထဲမှာ ရေးထားတယ်။,It was written in the letter
ကျွန်တော် အခု ကွန်ပျူတာ လိုချင်တယ်။,I want a computer now
ဟုတ်ကဲ့၊ ရပါတယ်။,Yes okay
ကျွန်တော့်ကို ရှစ်လပိုင်း နှစ်ဆယ့်ခြောက်ရက်မှာ မွေးခဲ့တယ်။,I was born on  August
အရပ်ပုတဲ့လူကနေစပြီး တန်းစီးမယ်။,We line up in order of height from the shortest
မစ္စတာလီကို ပဲငံပြာရည် ယူပေးလိုက်တယ်။,I passed the soy sauce to Mr Lee
မအိပ်ခင် မီးပိတ်တယ်။,I turn off the lights before I go to sleep
နိုင်ငံခြားမှာ အလုပ်လုပ်ဖို့ စိတ်ကူးနေတယ်။,I am thinking of working abroad
နောင်နှစ် ကျရင် နိုင်ငံခြားခရီးသွားမလို့ စိတ်ကူးနေတယ်။,I am thinking of travelling abroad next year
ကွန်ပျူတာ သုံးပြီး အလုပ်လုပ်တယ်။,I use the computer to work
ထမင်းစားပြီးရင် သွားတိုက်တယ်။,After eating we brush our teeth
အဲဒီအလုပ်ကိုတော့ ကိုယ့်ဟာကိုယ် လုပ်မယ်။,I will do that work by myself
အိမ်ရဲ့ အရှေ့မှာ ကြောင် ရှိတယ်။,There is a cat in front of the house
တစ်နှစ် တစ်ခါ နိုင်ငံခြား သွားတယ်။,I go abroad once a year
ဒီဟင်းကို ကြက်ဥ နှစ်လုံး သုံးရတယ်။,We need two eggs for this dish
ဒါဆိုရင်၊ ဘတ်စကားနဲ့ပဲ ဆေးရုံ သွားမယ်။,Then lets go to the hospital by bus
ဟိုမှာ ကောင်လေးတစ်ယောက် သစ်ပင်ပေါ် တက်နေတယ်။,A boy is climbing a tree over there
အားလုံး အတူတူ ပြန်ခဲ့တယ်။,I went home with everyone
ဒီဟင်းက စားကောင်းမယ့်ပုံမပေါ်ဘူး။,This dish does not look good
ကြက်ဥကို ဆားဖြူးပြီး စားတယ်။,I eat egg with salt
ပန်းခြံမှာ သစ်ပင်တွေ ရှိတယ်။,There is a tree in the park
တံခါး ဖွင့်ပြီး အခန်းထဲ ဝင်မယ်။,I will go into the room by opening the door
မစ္စတာဟယရှိရဲ့ အဘွားက မျက်မှန်တပ်ထားတယ်။,Mr Hayashis grandmother wears glasses
စာကြည့်တိုက်ထဲမှာ မစ္စတာတာနာခါ စာဖတ်နေတာ တွေ့လိုက်တယ်။,I saw Mr Kobayashi studying at the library
မစ္စတာယာမာဒါကို ပိုက်ဆံချေးမယ်။,I will lend money to Mr Yamada
သွားကိုက်လို့ ဘာမှ မစားနိုင်ဘူး။,I cannot eat anything because my teeth hurt
မနေ့က ကုန်တိုက်မှာ အဖြူရောင်ဖိနပ် ဝယ်ခဲ့တယ်။,I bought white shoes at the department store yesterday
အချိန်တိုတိုအတွင်း ဒီအလုပ်ကို မလုပ်လို့မရဘူး။,I must do this work in a short time
ကျွန်တော် မနက်တိုင်း ကြက်ဥ တစ်လုံး စားတယ်။,I eat one egg every morning
မနေ့က တီဗွီ ကြည့်တယ်။ ပြီးတော့ ဂျပန်စာကို လေ့လာတယ်။,I watched TV yesterday After that I studied Japanese
ဒီစာရွက်မှာ မေးခွန်းရဲ့ အဖြေကို ရေးမယ်။,We write our answers on this paper
ကျွန်တော် တနင်္ဂနွေနေ့လည်း အလုပ်လုပ်တယ်။,I work on Sundays too
အဲဒီစူပါမားကက်မှာ ငါး နည်းနည်းပဲ ရှိတယ်။,There arent many fish in that supermarket
အစစအရာရာ ကျေးဇူးတင်ပါတယ်။,Thank you for everything
ကျောင်းက အိမ်နားမှာပါ။,The school is near the house
ဒီတက္ကသိုလ်က ရှေးကျပြီး နာမည်ကြီးတယ်။,This university is old and famous
မစ္စတာခိုဘာယာရှိရဲ့ အိမ်မှာ အိမ်မွေးတိရစ္ဆာန် ရှိတယ်။,Mr Kobayashi has a pet in his house
သူငယ်ချင်းဆီက ခွက်လှလှလေး ရခဲ့တယ်။,I got a cute cup from my friend
ကိတ်မုန့် ခုနစ်ခု ရှိတယ်။,There are seven pieces of cake
မစ္စတာလီက အခု စာကြည့်တိုက်မှာ ရှိတယ်။,Mr Lee is in the library right now
အန္တရာယ် ရှိလို့ ဟိုကပြတင်းပေါက်ကို မဖွင့်ရဘူး။,Dont open that window because it is dangerous
ကျွန်တော့်အခန်းက သိပ် မကျယ်ဘူး။,My room is not that large
မစ္စတာတာနာခါက စာကြည့်တိုက်မှာ စာဖတ်ပေမဲ့ ကျွန်တော်ကတော့ အိမ်မှာပဲ ဖတ်တယ်။,Mr Tanaka studies at the library but I study at home
ဒီပန်းချီက အရောင်လှတယ်။,The colours in this picture are very beautiful
ဒီပန်းက နီပြီး လှနေတာပဲ။,This flower is red and pretty
မစ္စတာခိုဘာယာရှိက အပြာရောင်ရှပ်အင်္ကျီကို ဝတ်ထားတယ်။,Mr Kobayashi is wearing a blue shirt
စာအုပ်ဆိုင်ကနေ ခရီးသွားလမ်းညွှန်စာအုပ် ဝယ်လာတယ်။,I bought a travelling book at a book store
မနေ့ညက အတော် မိုးချုပ်တဲ့အထိ စာဖတ်တယ်။,I was studying until late yesterday evening
အိမ်အဝင်မှာ ဖိနပ်ကို ချွတ်တယ်။,We take off our shoes at the entrance
မစ္စတာခိုဘာယာရှိက ဉာဏ် အရမ်း ကောင်းတယ်။,Mr Kobayashi is very smart
မနက်ဖန် မစ္စတာလီနဲ့ တွေ့ပြီး လက်ဆောင်ပေးမယ်။,I will meet Mr Lee tomorrow and I will give him a souvenir
တနင်္လာနေ့ဆို မနက်ကတည်းက ကျောင်းသွားတယ်။,I will go to school starting Monday morning
ဒီမှာ ပစ္စည်း ထားလို့မရဘူး။,You cannot put things here
ဒါ မနေ့က ဝယ်ခဲ့တဲ့ တိတ်ခွေပါ။,This is the tape I bought yesterday
ကျွန်တော့်ညီမလေးက လေးနှစ်ပါ။,My sister is four years old
အနွေးထည် ယူပြီး အပြင်ထွက်တယ်။,I will bring a jacket and go out
သူငယ်ချင်းဆီက စိတ်ဝင်စားစရာ မကောင်းတဲ့စကားကို ကြားရတယ်။,I listened to a boring story from my friend
မနေ့က ပထမဆုံးအကြိမ် စန္ဒရား စသင်တယ်။,Yesterday I learned piano for the first time
ဟိုကသစ်ပင်ပေါ်မှာ ငှက် ရှိတယ်။,There is a bird on top of that tree
ဘယ်တော့ တင်းနစ်ရိုက်မလဲ။,When do you play tennis
အအေးမိပြီး ကိုယ်အပူချိန် သုံးဆယ့်ရှစ်ဒီဂရီ ရှိတယ်။,I have a cold and my temperature is  degrees
မနှစ်က ကောင်းတဲ့နှစ်တစ်နှစ် ဖြစ်တယ်။,Last year was a good year
မစ္စတာခိမုရက ဉာဏ် အရမ်း ကောင်းတယ်။,Ms Kimura has a very good mind
ညတိုင်း မအိပ်ခင် စာအုပ် ဖတ်တယ်။,Every night I read a book before going to sleep
လွန်ခဲ့တဲ့ငါးနှစ်တုန်းက အမျိုးသမီးနဲ့ လက်ထပ်ခဲ့တယ်။,I married my wife five years ago
သွားနာလို့ ပါးစပ် ဟလို့မရဘူး။,I cannot open my mouth because my teeth hurt
မစ္စတာယာမာဒါဆီက ပိုက်ဆံချေးတယ်။,I will borrow money from Mr Yamada
မစ္စတာမဆုအိဆီကို ပို့စကတ် ပို့မယ်။,I will send a postcard to Mr Matsui
အိမ်သာက လျှောက်လမ်းလေးရဲ့ ဘယ်ဘက်ခြမ်းမှာ ရှိတယ်။,The toilet is on the left side of the hallway
နည်းနည်း အိုက်လို့ ပြတင်းပေါက် ဖွင့်မယ်။,It is a little hot so I will open the window
အပြင်မှာ အေးလို့ ကုမ္ပဏီကို ကုတ်အင်္ကျီ ဝတ်သွားတယ်။,It is cold outside so I will wear a coat and go to work
တီဗွီခလုတ်ကို ဖွင့်မယ်။,We switch on the TV
ဘယ်လိုရုပ်ရှင်မျိုးလဲ။,What kind of film is it
မနေ့က ရှစ်နာရီကြာလောက် အိပ်တယ်။,I slept for eight hours yesterday
ကျွန်တော် မနက်တိုင်း ပေါင်မုန့်နဲ့ ကြက်ဥ စားတယ်။,I eat bread and egg every morning
စားပွဲပေါ်မှာ ဟင်းမျိုးစုံကို စီထားတယ်။,There are various dishes laid out on the table
ကား ဝယ်လိုက်ရင် ပိုက်ဆံ ကုန်သွားမယ်။,If you buy a car your money will be used up
ညတိုင်း နှစ်နာရီကြာလောက် အင်္ဂလိပ်စာကို လေ့လာတယ်။,I study English for two hours every night
မနှစ်ကတည်းက လေ့လာနေတယ်။,I have been studying since last year
ဆိုင်ဝန်ထမ်းကို အစားအသောက် မှာလိုက်တယ်။,I asked the store staff for food
ဒီည ဘူတာမှာ မစ္စတာခိမုရနဲ့ တွေ့မယ်။,I will meet Ms Kimura at the station this evening
အဲဒီကုမ္ပဏီက ကားထုတ်လုပ်နေတယ်။,That company makes cars
ကျွန်တော့်မိဘတွေက ပင်လယ်ကမ်းခြေဘေးနားမှာ နေတယ်။,My parents live near the sea
တမြန်နှစ်က မစ္စတာတာနာခါ တက္ကသိုလ်ထွက်ခဲ့တယ်။,Mr Tanaka graduated from university two years ago
အရွယ်ရောက်ရင် အရက်သောက်လို့ရတယ်။,When you become an adult you can drink alcohol
ပြတင်းပေါက် ဖွင့်ထားတယ်။,The window is open
အိမ်စာတွေ အားလုံး ပြီးပြီ။,I finished all of my homework
ဒီနေ့ သူငယ်ချင်းနဲ့ ညစာ စားမယ်။,I will eat dinner with my friend today
ည ဆယ့်နှစ်နာရီ ရှိပြီ၊ အသံ တိုးတိုး ပြောမယ်။,We will talk in a quiet voice because it is already midnight
မစ္စတာခိုဘာယာရှိက အပြာရောင်ထီးကို ကိုင်ထားတယ်။,Mr Kobayashi has a blue umbrella
အသီးကို ထက်ခြမ်း ခြမ်းတယ်။,I cut the fruit in half
တော်ကြာကျရင် စာကြည့်တိုက်မှာ စာအုပ် သွားအပ်မယ်။,I will go to the library later to return a book
အင်း၊ ကောင်းပါတယ်။,Yes okay
နေမကောင်းလို့ ကျောင်းမသွားဘူး။,I was absent from school because I was ill
ကျောင်းမသွားဘူး။,I will be absent from school
မစ္စတာခိမုရ ဘယ်တစ်ခုကို ကြိုက်လဲ။,Ms Kimura which one do you like
မနက်ဖန်ရဲ့ ရာသီဥတုအခြေအနေကတော့ မိုးရွာပါမယ်။,The weather will be rainy tomorrow
တီဗွီက စန္ဒရားဘေးမှာ ရှိတယ်။,There is a TV next to the piano
စာကြည့်တိုက်က မနက်နာရီကနေ ညနာရီအထိ ဖွင့်ပါတယ်။,The library is open from  in the morning to  in the evening
ဟုတ်ကဲ့ အမိန့်ရှိပါ။ မဆုအိပါ ရှင်။,Yes hello This is Matsui
အားနာစရာကောင်းလိုက်တာ။,Im very sorry
မစ္စတာတာနာခါရဲ့ မွေးရပ်က တိုကျိုပါ။,Mr Tanaka was born in Tokyo
လေးတဲ့ သေတ္တာကို ယောကျ်ားလေးက သယ်မယ်။,A man will carry the heavy box
ပေါင်မုန့်တို့ ကြက်ဥတို့ စားတယ်။,I eat bread egg and so on
နောက်နှစ် နွေဦးကျရင် အစ်မ မင်္ဂလာဆောင်မယ်။,My sister will marry next spring
ဘူတာကနေ ကျောင်းကို ဝေးလို့ ဘတ်စကား စီးတယ်။,It is far from the station to school so I ride the bus
နောက်လ ကိုးရက်နေ့မှာ မိဘတွေ ကျွန်တော့်အိမ်ကို လာလည်မယ်။,My parents will come to my house on the ninth of next month
နေ့တိုင်း ရေဒီယိုနဲ့ သတင်း နားထောင်တယ်။,I listen to the news on the radio every day
ဂျပန်တေးဂီတကို နားထောင်ချင်တယ်။,I would like to listen to Japanese music
အန္တရာယ်ရှိလို့ အဲဒီကို မသွားပါနဲ့။,Dont go that way because it is dangerous
တစ်ဆိတ်လောက်၊ တောင်းဆိုပါရစေ။,Excuse me a second
ကျွန်တော် နောက်နှစ်ကစပြီး ဒီမြို့မှာ နေမယ်။,I will live in this town from next year
မနေ့က ကြည့်ခဲ့တဲ့ရုပ်ရှင် အရမ်း စိတ်ဝင်စားဖို့ကောင်းတယ်။,The film I saw yesterday was interesting
ကျွန်တော် လမ်းလျှောက်တာ အရမ်း နှေးတယ်။,I walk very slowly
နားရက်မှာ မိုးရွာရင်တော့ အပြင်မထွက်ဘူး။,I will not go out on holidays if it rains
ကျွန်တော် တစ်ခါတလေ ဒီကုန်စိမ်းဆိုင်မှာ ဈေးဝယ်တယ်။,I sometimes shop at this vegetable shop
ရထားပေါ်မှာ ထီး မေ့ကျန်ခဲ့တယ်။,I left my umbrella on the train
ထမင်း မစားခင် လက်ဆေးတယ်။,I wash my hands before eating
မနေ့က ကုမ္ပဏီ ခွင့်ယူပြီး ဆေးရုံ သွားတယ်။,I took a day off work to go to the hospital
ကျွန်တော် ဘယ်ဘက်လက်နဲ့ တူကို ကိုင်တယ်။,I use my chopsticks with my left hand
မစ္စတာမဆုအိက မစ္စတာတာနာခါရဲ့ မွေးနေ့အတွက် နက်ကတိုင် လက်ဆောင်ပေးတယ်။,Mr Matsui gave a tie to Mr Tanaka for his birthday
ပူလို့ ဆွယ်တာ ချွတ်မယ်။,I will take off my sweater because it is hot
အဲဒီတက္ကသိုလ်ကို သွားမယ်ဆိုရင် စက်ဘီးက အဆင်ပြေတယ်။,It is easier to use a bicycle if you are going to that university
ကွန်ပျူတာ သုံးနေတယ်၊ ခလုတ် မပိတ်လိုက်ပါနဲ့။,We are using the computer Please do not switch it off
ဒီနေ့ မနက်စာ မစားခဲ့ဘူး။,I did not eat breakfast today
မတ်တပ်ရပ်ပြီး သီချင်းဆိုတယ်။,I will stand and sing a song
တိရစ္ဆာန်ငယ်လေးတွေက အရမ်း ချစ်ဖို့ကောင်းတယ်။,That animal is very cute
ရှေ့အပတ်က အလုပ်များလို့ စာမလုပ်နိုင်ဘူး။,I was busy last week so I could not study
ကျွန်တော် ဆိတ်ငြိမ်ပြီး လှပသန့်ရှင်းတဲ့နေရာကို သွားချင်တယ်။,I would like to go to a quiet and beautiful place
ဒီမှာ ရှိတဲ့ကလေးတွေ အားလုံး တစ်ကျောင်းတည်းက တပည့်တွေပါ။,The children here are all students from the same school
ဟိုဘက်က မစ္စတာယာမာဒါပါ။,That is Mr Yamada
ကိုကာကိုလာ နှစ်ခွက် ပေးပါ။,Two bottles of CocaCola please
တပည့်တွေက စင်္ကြံမှာ တန်းနေအောင် တန်းစီတယ်။,The students are lined up in a straight line in the hallway
နေ့ခင်း နားတဲ့အချိန်မှ ပြန်ပေးလို့ရမလား။,Can I give it back to you after lunch break
စားသောက်ဆိုင်ကထမင်းက ဈေးပေါတယ်။ ပြီးတော့ စားလို့လည်း ကောင်းတယ်။,The food at the cafeteria is cheap and it tastes good
ဒီနေ့ မိုးရွာလို့ တစ်နေ့လုံး အိမ်မှာ ရှိတယ်။,It was raining yesterday so I was at my house the whole day
ကျွန်တော် စားသောက်ဆိုင်မှာ နေ့လယ်စာ စားပြီးသွားပြီ။,I have already had lunch at the cafeteria
အိမ်ရှေ့မှာ မျက်နှာစိမ်း နှစ်ယောက် ရှိတယ်။,There are two people I do not know in front of the house
မနက်တိုင်း ပေါင်မုန့် စားပြီး နွားနို့ သောက်တယ်။,I eat bread and drink milk every morning
မစ္စတာခိုဘာယာရှိက မစ္စတာတာနာခါကို အလုပ်လုပ်ပေးဖို့ တောင်းဆိုတယ်။,Mr Tanaka was asked to do work by Mr Hayashi
အဖျားရှိလို့ ဒီနေ့ ကျောင်းမသွားဘူး။,I will be absent from school because I have a fever
အင်္ဂါနေ့ မကျော်ခင်အထိ စာအုပ် ပြန်မအပ်လို့မဖြစ်ဘူး။,You must return the book by Tuesday
မစ္စတာခိုဘာယာရှိ ဆိုတာ ဘယ်သူပါလဲ။,Who is Mr Kobayashi
မစ္စတာမဆုအိက မစ္စတာခိုဘာယာရှိနဲ့ စကားပြောနေတယ်။,Mr Matsui is talking with Mr Kobayashi
သောက်ထားလို့ ခွက်ကို ပြောင်အောင် ဆေးတယ်။,After drinking I wash the glass clean
မွေးနေ့မှာ အဝါရောင်လက်ကိုင်ပဝါလေး လက်ဆောင်ရတယ်။,I received a yellow handkerchief for my birthday
ရေချိုးခန်းထဲမှာ ခေါင်းလျှော်ရည် မရှိဘူး။,There was no shampoo in the bath
အိမ်ပြန်ရင် ရေ အရင် ချိုးမယ်။,When I get home I take a shower first
ဘေးကစာသင်ခန်းက အယောက်တစ်ရာလောက် ဆံ့တယ်။,A hundred people can fit in the room next to ours
မစ္စတာမဆုအိရဲ့ အိမ်က ကျွန်တော့်အိမ်ရဲ့ ဘေးမှာ ရှိတယ်။,Mr Matsuis house is near my house
လင်းလင်းထိန်ထိန် ရှိတဲ့ နေရာမှာ စာဖတ်တယ်။,I will study somewhere bright
မစ္စတာခိမုရကို အင်္ဂလိပ်စာ သင်တယ်။,I will teach Ms Kimura English
မစ္စတာမဆုအိက ဟင်းချက် တော်တယ်။,Mr Matsui is good at cooking
ရထားတံခါး ပိတ်မယ်။,The door to the train will shut
ကျွန်တော် ညီမလေးရဲ့ အိမ်စာကို ကြည့်ပေးတယ်။,I helped my little sister with her homework
ဟာ ၊ မစ္စတာတာနာခါ မင်္ဂလာညချမ်းပါ။,Ah Mr Tanaka good evening
တစ်ဆိတ်လောက် မေးပါရစေ၊ အိမ်သာက ဘယ်နားမှာပါလဲ။,Excuse me where is the toilet
စာအုပ်က လွယ်အိတ်ထဲမှာပါ။,The book is in the bag
အဲဒီအမျိုးသားက အရပ်ကြီး မြင့်ပြီး ခြေထောက်ကြီးကလည်း အရှည်ကြီး။,That man is tall and has long legs
အဲဒီမှာ ဆိုင်တွေ အများကြီး တန်းစီနေတာပဲ။,There are a lot of stores over there that are lined up
ဒီအခန်းမှာ ဆေးလိပ် သောက်လို့မရဘူး။,Dont smoke in this room
ဒီမှာ တံဆိပ်ခေါင်း ရှစ်ခု ရှိတယ်။,There are eight stamps here
ကျွန်တော် အရောင်တွေထဲမှာ အဖြူရောင်ကို အကြိုက်ဆုံးပဲ။,I like white the best of all the colours
ခြံထဲမှာ ကား မရှိဘူး။ အမေ အပြင်ထွက်သွားတယ် ထင်တယ်။,The car is not in the yard It looks like my mother is out
မစ္စတာတာနာခါက ပင်ပန်းတဲ့အလုပ်တွေ လုပ်နေတယ်။,Mr Tanaka is doing a hard job
ဟိုထောင့်ကနေ ညာဘက်ကွေ့ရင် စူပါမားကက် ရှိတယ်။,If you turn right at that corner there is a supermarket
မစ္စတာလီက ဂျပန်မှာ သုံးနှစ် နေမယ်လို့ စဉ်းစားထားတယ်။,Mr Lee will be in Japan for three years
ကျွန်တော့်အခန်းထက် ညီလေးရဲ့ အခန်းက ပိုကျဉ်းတယ်။,My brothers room is smaller than my room
အလုပ် ပြီးရင် ညစာ သွားစားမယ်။,I will go eat dinner after I finish work
ဒီနားမှာ အဆောက်အအုံ ခပ်မြင့်မြင့်တွေ မရှိဘူး။,There arent a lot of tall buildings around here
မစ္စတာခိမုရက ကျွန်တော့်ကို မုန့် ပေးတယ်။,Ms Kimura gave me a snack
အလုပ်က ပင်ပန်းပေမဲ့ စိတ်ဝင်စားဖို့ ကောင်းတယ်။,Although work is busy it is fun
ဒီထွက်ပေါက်ကနေ ထွက်ရင် စာကြည့်တိုက်နဲ့ အနီးဆုံးကို ရောက်မယ်။,If you use this exit it is the closest to the library
သူငယ်ချင်းနဲ့ ဥရောပကို အလည်သွားမလားလို့ စိတ်ကူးနေတယ်။,I am thinking of travelling to Europe with my friend
ဒါ မော်တော်ကားမဂ္ဂဇင်းပါ။,This is a car magazine
နောက်အပတ်ကစပြီး နေ့တိုင်း စာမေးပွဲ ရှိတယ်။,Starting next week we have a test every day
အိတ်ကပ်ထဲ ပိုက်ဆံ ထည့်တယ်။,I will put money in my pocket
ရှစ်လပိုင်း တစ်ရက်နေ့ကနေ ကိုးလပိုင်း သုံးဆယ်ရက်နေ့အထိက နွေရာသီပိတ်ရက်ပါ။,Our summer vacation is from  August to  September
သူငယ်ချင်းနဲ့ ဈေးဝယ်ပြီး ကော်ဖီဆိုင် ဝင်ဖြစ်တယ်။,I went shopping with my friend and then we entered a cafe
ဒီအရောင်က အရမ်း လှတယ်။,This colour is very pretty
အမေ အမြဲတမ်း ကျွန်တော့်ကို ဈေးဝယ်ခိုင်းတယ်။,My mum always asks me to do the shopping
ဟင့်အင်း၊ မသွားဘူး။,No I wont go
ကျွန်တော် တစ်ခါတလေ အဲဒီကစာအုပ်ဆိုင်ကို သွားတယ်။,I sometimes go to the bookstore over there
မစ္စတာတာနာခါ နောက်လ နှစ်ရက်နေ့မှာ နိုင်ငံခြား သွားမယ်။,Mr Tanaka will go overseas on the second next month
မစ္စတာမဆုအိက ကျွန်တော့်ကို ကော်ဖီဖျော်ပေးတယ်။,Mr Matsui poured me some coffee
မိုးရွာလည်း စက်ဘီးနဲ့ သွားတယ်။,Even if it rains I go by bicycle
ဒီနေရာက ဂျပန်မှာ နာမည်အကြီးဆုံးနေရာ။,This place is a very famous place in Japan
မစ္စတာဟယရှိရဲ့ အိမ်မှာ ကြောင် တစ်ကောင် ရှိတယ်။,Mr Hayashi has one cat in his house
ထိုင်ခုံအောက်မှာ ကြောင် ရှိတယ်။,There is a cat under the chair
ခန်းဂျီးတွေ အများကြီး မှတ်ရမှာမို့ ဒုက္ခရောက်နေတယ်။,It is challenging because I must learn a lot of kanji
မစ္စတာမဆုအိက အဖြူရောင်အင်္ကျီကို ဝတ်ထားတယ်။,Mr Matsui is wearing a white shirt
ဟိုအိတ်က ကျွန်တော့်အိတ်နဲ့ အတူတူပဲ။,That bag is the same as mine
ဘတ်စကားနဲ့ ကျောင်းသွားတယ်။,I go to school by bus
မနက်ဖန် ဆရာ့ဆီ စာစီစာကုံး ထပ်မယ်။,I will hand in the composition to the teacher tomorrow
နောက်တစ်ရက်က ပိတ်ရက်မို့လို့ သောကြာနေ့ဆို အမြဲတမ်း သူငယ်ချင်းနဲ့ လျှောက်လည်တယ်။,I always play with my friends on Fridays because the next day is a day off
စာရေးခုံပေါ်မှာ ဖတ်စာအုပ်နဲ့ မှတ်စုစာအုပ် ရှိတယ်။,There are a book and a notebook on the desk
ကျွန်တော် မနေ့ကတည်းက လည်ချောင်းနာနေတယ်။,My throat hurts from yesterday
မနေ့က ဖျားလို့ ကျောင်းမသွားဘူး။,I didnt go to school because I had a fever yesterday
မနက်ဖန် အတန်းမရှိလို့ ကျောင်းမသွားဘူး။,I am not going to school tomorrow because I dont have class
ဒီကွန်ပျူတာက ဈေးကြီးပေမဲ့ အရမ်း ကောင်းတယ်။,This computer is expensive but it is very good
ကျွန်တော် နံပါတ်တစ်အကြိုက်ဆုံးဒွင့်ခ်က လက်ဖက်ရည်ပါ။,The drink I like the best is tea
ဒီအခန်းက အရမ်း တိတ်ဆိတ်တဲ့ အခန်းပါ။,This room is very quiet
မွေးရပ်မြေမှာရှိတဲ့အမေ့ဆီက စာလာတယ်။,A letter came from my mother back in my home country
မုန့်လေး တစ်ခုလောက် သုံးဆောင်ပါဦးလား။,Would you like a snack
အဘိဓာန် ဟိုကစာအုပ်စင်မှာ ရှိတယ်။,The dictionary is on that bookshelf
မနက်ဖန် အပူချိန် သုံးဆယ်ဒီဂရီအထိ မြင့်မှာဆိုတော့ ပူမယ်။,It will be  degrees tomorrow so it will be hot
ဒီခန်းဂျီးကို ယာမလို့ ဖတ်တယ်။,This kanji reads yama
ဟိုမှာ ဘူးဝိုင်းလေး ရှိတယ်။,There is a round box over there
အင်္ကျီလေးက လှတယ်နော်။,Your clothes are beautiful
မနေ့က မစ္စတာခိမုရကို ဒီမြို့ရဲ့  မြေပုံ ပေးလိုက်တယ်။,I gave a map of this town to Mr Kimura yesterday
စာရေးခုံပေါ်မှာ စာရွက်နဲ့ ခဲတံ ရှိတယ်။,There are paper and a pencil on the desk
ကျွန်တော်က ကျောင်းသားပေမဲ့ အစ်ကိုကတော့ ကုမ္ပဏီဝန်ထမ်းပါ။,I am a student but my elder brother works at a company
ဒီနေ့ မစ္စတာလီနဲ့ ရုပ်ရှင် သွားကြည့်မယ်။,Today I will go watch a film with Mr Lee
ကျွန်တော်က ချစ်စရာကောင်းတဲ့အကောင်ငယ်လေးတွေကို ကြိုက်တယ်။,I like small and cute animals
ညတိုင်း ရေချိုးပြီးမှ အိပ်တယ်။,I always take a shower in the evening before going to bed
နေ့တိုင်း ကျောင်းသွားတယ်။,I go to school every day
မနက်က မိုးရွာပေမဲ့ အခု နေသာနေတယ်။,It was raining this morning but it is sunny now
မဂ္ဂဇင်းကို စာကြည့်တိုက်မှာ ငှားလို့မရဘူး။,We cannot borrow magazines at the library
ကျွန်တော် တိရစ္ဆာန် အရမ်း ချစ်တယ်။,I love animals
မနေ့က အိမ်မွေးတိရစ္ဆာန်နဲ့ ကစားတယ်။,I played with my pet yesterday
သင်္ဘောလိုင်းထက်စာရင် လေယာဉ်နဲ့ ပို့တာက မြန်မြန် ရောက်တယ်။,Airmail is faster than surface mail
ဆိုင်ရှေ့မှာ ကား လေးစီး ရပ်ထားတယ်။,There are four cars parked in front of the shop
ရှစ်နာရီမှာ အိမ်က ထွက်တယ်။ ပြီးတော့ ဘတ်စကားနဲ့ ကျောင်းကို သွားတယ်။,I leave the house at  and I go to school by bus
ပြီးရင် ဒီမဂ္ဂဇင်းကို မစ္စတာယာမာဒါကို ငှားမယ်။,I will lend this magazine to Mr Yamada next
မေမေက ကိတ်မု့န် အရမ်း ကြိုက်တယ်။,My mother loves cake
ဘူတာရှေ့မှာ ဆိုင်ကြီးဆိုင်ကောင်းတွေ ရှိတယ်။,There is a good store in front of the station
မစ္စတာဟယရှိ နိုင်ငံခြားမှာ တစ်နှစ်ခွဲ အလုပ်လုပ်ခဲ့တယ်။,Mr Lee worked abroad for a year and a half
အဲဒီမှာ လက်ကိုင်ပဝါ ဘယ်နှထည် ရှိသလဲ။,How many handkerchiefs are there
ဘဏ်ကောင်တာကနေ ငွေလွှဲမယ်။,I will transfer money at the counter
အရှေ့ဘက်ကောင်းကင်မှာ တိမ်ထူနေတယ်။,The sky in the east is cloudy
အခု မနက်ခုနစ်နာရီပါ။,It is seven in the morning right now
စာသင်ခန်းမှာ စာရေးခုံနဲ့ ထိုင်ခုံ ရှိတယ်။,There are desks and chairs in the classroom
ဟလို။,Hello
အမှောင်ထဲမှာ စာဖတ်ရင် မျက်စိပျက်တတ်တယ်။,Your eyes will go bad if you read books in the dark
ဒီအဆောက်အအုံက သက်တမ်းကြာပြီး နာမည်ကြီးတယ်။,This building is old and famous
ဒီစာအုပ်စင်က အနံ တစ်မီတာ အလျားတစ်မီတာခွဲ ရှိတယ်။,This bookshelf is  metre tall and  metres wide
ပိုပြီး ဖြည်းဖြည်း ပြောပေးပါ။,Please talk more slowly
မစ္စတာယာမာဒါရဲ့ အဖေက အရမ်း အလုပ်လုပ်တယ်။,Mr Yamadas father works hard
ကျွန်တော် ဝက်သား မစားနိုင်ဘူး။,I cannot eat pork
မစ္စတာတာနာခါရဲ့ အမျိုးသမီးက တက္ကသိုလ်ကဆရာမပါ။,Mr Tanakas wife is a university lecturer
နေ့တိုင်း တစ်နေ့ကို ရှစ်နာရီ အလုပ်လုပ်တယ်။,I work eight hours every day
နှစ်မိနစ် စောင့်ပါ။,Please wait for two minutes
အဲဒီစာအုပ်က ကျွန်တော့်ဟာပါ။,Our teacher is over there
သူငယ်ချင်း လာမှာမို့လို့ အခန်းကို သန့်ရှင်းရေးလုပ်မယ်။,My friend is coming so I will clean this room
ဒီနေ့ အအေးမိလို့ ကျောင်းမသွားဘူး။,I was absent from school because I was sick
မနေ့က အရမ်း အေးလို့ အအေးမိသွားတယ်။,I caught a cold because it was very cold yesterday
ဆရာ ပြောတဲ့အဓိပ္ပာယ် နားမလည်ဘူး။,I did not understand the meaning of the teachers words
ဟို ငယ်ရွယ်ပြီး သွက်လက်တဲ့ လူက မစ္စတာယာမာဒါပါ။,That young energetic person is Mr Yamada
ဟို တစ်ဆိတ်လောက် မေးပါရစေ။ စာကြည့်တိုက် ဘယ်နားမှာ ရှိပါသလဲ။,Um excuse me Where is the library
အမျိုးသမီးက ချက်ချင်း ပြန်လာတယ်။,My wife comes home soon
သူငယ်ချင်းရဲ့ စက်ဘီးနောက်ကနေ လိုက်စီးတယ်။,I got on the back of my friends bicycle
မနေ့ကပါတီမှာ အရမ်း ပျော်ခဲ့တယ်။,The party yesterday was very fun
လေယာဉ်ပျံက မြန်ပြီး အဆင်ပြေတယ်။,Airplanes are fast and convenient
ကွန်ပျူတာဖွင့်ပိတ်ခလုတ်ကို ဖွင့်တယ်။,I will turn on the computer
လေးလပိုင်းကနေ တက္ကသိုလ် စတယ်။,University starts in April
ဘာနဲ့ ကုမ္ပဏီကို သွားမလဲ။,What transport do you use to get to work
နွေရာသီဆို ပူလို့ အနောက်တိုင်းဝတ်စုံ မဝတ်ချင်ဘူး။,I do not want to wear a suit because it is hot in the summer
ဒီနှစ်နွေရာသီပိတ်ရက်မှာ ပင်လယ်ကိုလည်း သွားဖြစ်တယ်၊ တောင်လည်း တက်ဖြစ်တယ်။,I went to the beach and climbed a mountain this summer vacation
စာရေးခုံပေါ်မှာ စာအုပ် ရှိတယ်။,There is a book on the desk
မနေ့က တောက်လျှောက် မိုးအုံ့တယ်။,It was cloudy all day yesterday
ဒီနေ့ညစာကတော့ ကာရီ ဖြစ်ပါတယ်။,Todays dinner is curry
သကြား သုံးဆယ်ဂရမ်နဲ့ ဆား ဆယ့်ငါးဂရမ် ထည့်မယ်။,I will put in  grams of sugar and  grams of salt
ကောင်းကင်က ပြာတယ်။,The sky is blue
အိမ်အဝင်မှာ ပန်းအိုး ထားထားတယ်။,There is a vase in the lobby
သူငယ်ချင်းကို လိပ်စာအသစ် ပေးလိုက်တယ်။,I told my friend my new address
မစ္စခိမုရက ချစ်စရာကောင်းတဲ့စကတ်လေးကို ဝတ်ထားတယ်။,Ms Kimura is wearing a cute skirt
မစ္စတာတာနာခါရဲ့ အိမ်မှာ ကား နှစ်စီး ရှိတယ်။,There are two cars in Mr Tanakas house
စာသင်ခန်းမှာ ကွန်ပျူတာအသစ် ရှိတယ်။,There is a new computer in the classroom
ကျွန်တော် သီချင်းဆို ညံ့တယ်။,I am not good at singing a song
အိမ်ရဲ့ အနောက်ဘက်မှာ ကား ရှိတယ်။,There is a car behind the house
ဒီနေ့ စာမဖတ်လို့မရပေမဲ့ မနက်ဖန်ဆိုရင်တော့ ဖြစ်ပါတယ်။,I have to study today but tomorrow will work
ဒီလ ဟိုစူပါမားကက်က ဗုဒ္ဓဟူးနေ့ ပိတ်တယ်။,That supermarket will be closed on Wednesdays this month
ကျွန်တော့်ညီ နောက်လဆို အသက်နှစ်ဆယ် ပြည့်မယ်။,My brother will become twenty years old next month
ဟိုခွေးက နားရွက် ကြီးတယ်။,That dog has big ears
ဟိုဆိုင်မှာ စားလို့ကောင်းတဲ့မုန့်တွေ ရောင်းတယ်။,That shop has tasty snacks
နေ့တိုင်း ထမင်း သုံးခါ စားတယ်။,I eat three times every day
ဘောလုံးထက်စာရင် ဘေ့စ်ဘောကို ပိုကြိုက်တယ်။,I like baseball more than football
အဲဒီမှာ ရှိတဲ့လူက မစ္စတာယာမာဒါ ဖြစ်လိမ့်မယ်။,The person over there is probably Mr Yamada
ကျွန်တော် တေးဂီတကို နှစ်သက်တယ်။,I like music
ကျွန်တော် ပထမဆုံးအကြိမ် မစ္စတာဟယရှိနဲ့ တွေ့ခဲ့တယ်။,I met Mr Hayashi for the first time
ဘေးအတန်းကဆရာက ငယ်ငယ်လေးပဲ ရှိသေးတယ်။,The teacher next to our class is still young
မနက်တိုင်း ပြေးနေလို့ နည်းနည်းတော့ ပိန်သွားတယ်။,I ran every day so I got skinnier
မနက်ဖန် မိုးရွာမှာမို့ ကျောင်းကို ဘတ်စကားနဲ့ သွားမယ်။,It is going to rain tomorrow so I will go to school by bus
နေ့တိုင်း နေ့လယ်ပိုင်းဆို တစ်နာရီ နားတယ်။,I rest for an hour during lunchtime every day
စာကြည့်တိုက်မှာ စာအုပ် ပြန်အပ်မယ်။,I will give back the book to the library
ဒီနေရာက အရမ်း စည်ကားတဲ့နေရာ ဖြစ်တယ်။,This place is very lively
ဒီနေ့ အရမ်း ပျော်ခဲ့တယ်။,It was very fun today
စာရေးခုံပေါ်မှာ ပြက္ခဒိန် ထားထားတယ်။,There is a calendar on the desk
ကျွန်တော် ကြိုက်တဲ့အရောင်က အပြာပါ။,My favourite colour is blue
မစ္စတာယာမာဒါရဲ့ ညီမလေးက အရပ်က ပုပုလေးနဲ့ ချစ်စရာ ကောင်းတယ်။,Mr Yamadas little sister is short and cute
အိမ်က အဲဒီချောင်းရဲ့ တစ်ဖက်မှာ ရှိတယ်။,My house is on the other side of the river
ဒီအိတ်က ကြီးပြီး လေးတယ်။,This bag is big and heavy
အမြဲတမ်း မနက်ရှစ်နာရီရထားကို စီးတယ်။,I always ride the train at eight oclock in the morning
ကျွန်တော် အဲဒီဆရာဆီမှာ ဂျပန်စာ သင်နေတယ်။,I am learning Japanese from that teacher
အဖိုးထိုက်တဲ့အရာ မဟုတ်ပေမဲ့ လက်ခံပေးပါ။,This isnt much but please take it
ဟင်းရွက်တွေကို လှီးပြီး ဆေးမယ်။,After cutting this vegetable I will wash it
ရထား စီးတဲ့အခါ ဆင်းတဲ့လူက အရင်။,When we ride the train we let the people get off first
ဆရာ့ကားက ဘယ်မှာလဲ။,Where is the teachers car
ဟင်းချက်နည်းကို အမေ့ဆီက သင်ထားတာ။,My mother taught me how to cook
ဒီအသားက ဈေးအပေါဆုံးပါ။,This meat is the cheapest
အခု အစ်မက တိုကျိုမှာ တစ်ယောက်တည်း နေနေတယ်။,My elder sister is living by herself in Tokyo right now
ဒီနေ့ အမျိုးသမီးရဲ့ မွေးနေ့မို့လို့ အိမ် စောစော ပြန်ဖြစ်အောင် ပြန်မယ်။,It is my wifes birthday today so I am thinking of going home early
ကျွန်တော် အနီထက် အပြာကို ပိုကြိုက်တယ်။,I like red more than blue
ဇွန်းနဲ့ ကော်ဖီထဲကို သကြား ထည့်တယ်။,I put sugar in my coffee using a spoon
အိတ်ကို ပိတ်မထားဘူး။,The bag wasnt closed
ကျွန်တော့်ရှေ့မှာ ကား လာရပ်တယ်။,A car stopped in front of me
ဂျပန်လို လေးကို ယွန်းလို့ ဖတ်တယ်။,We read  as four
စာတိုက်ရဲ့ အရှေ့နဲ့ ဘူတာရဲ့ ဘေးတွေမှာ စာတိုက်ပုံး ရှိတယ်။,There is a postbox in front of the post office and near the station
ဒီအဆောက်အအုံရဲ့ တတိယထပ်မှာ ရှိတယ်။,It is on the third floor of this building
ဒီမေးခွန်းအတွက် အဖြေ သုံးခု ရှိတယ်။,There are three answers to this question
မနေ့က အမေ့ဆီ စာပို့လိုက်တယ်။,I sent a letter to my mother yesterday
ပန်းခြံထဲမှာ ရေကန် အကြီးကြီး ရှိတယ်။,There is a big lake in the park
ပါတီက ဟင်းတွေ စားလို့မကောင်းဘူး။,The food at the party was not very good
မစ္စတာတာနာခါ ကိုကာကိုလာ သောက်တယ်။,Mr Tanaka drinks CocaCola
ဒီအခန်းရဲ့ နံရံက ပါးလို့ အသံ တိုးတိုးနဲ့ စကားပြောတယ်။,The wall of this room is thin so I will talk quietly
တီဗွီ ကြည့်ရင်း ထမင်းစားတယ်။,I eat while watching TV
ပိုက်ဆံအိတ်ထဲ အကြွေးဝယ်ကတ်ကို ထည့်တယ်။,I will put my credit card in my wallet
ကျွန်တော် ခုနစ်နာရီခွဲမှာ အိပ်ရာထတယ်။,I wake up at
ကိုယ်ပူနေလို့ ဒီနေ့ အနားယူမယ်။,I have a fever so I will be absent from school
နောက်နှစ်ရဲ့ နောက်တစ်နှစ်ကျရင် နိုင်ငံကို ခဏပြန်မယ်။,I will go back home in two years
ဒီည စာကြည့်တိုက်မှာ အိမ်စာလုပ်မယ်။,I will do my homework at the library this evening
ရောဂါ မဟုတ်တဲ့အတွက် စိုးရိမ်စရာမလိုပါဘူး။,I am not ill so please do not worry
မနေ့ကရုပ်ရှင် ဘယ်လိုနေလဲ။,How was yesterdays film
စူပါမားကက်မှာ ညစာအတွက် ဈေးဝယ်ခဲ့တယ်။,I shopped for dinner at the supermarket
ဂျပန်က ကျဉ်းတဲ့နိုင်ငံ ဖြစ်တယ်။,Japan is a small country
အပြင်မှာ အေးလား။,Is it cold outside
ချမ်းပေမဲ့လည်း ရေကူးမယ်။,I will swim even if it is cold
နွေရာသီပိတ်ရက်မှာ အမိနိုင်ငံကို ပြန်မယ်။,I will go back to my country during summer vacation
နိုင်ငံခြားမှာ ပတ်စပို့ ပျောက်သွားလို့ ဒုက္ခရောက်ခဲ့တယ်။,It was troubling for me because I lost my passport while I was abroad
အဲဒီလူရဲ့ နာမည်ကို မေ့သွားတယ်။,I forgot that persons name
ဂျပန်လူမျိုးတွေက တူနဲ့ ထမင်းစားတယ်။,Japanese people use chopsticks to eat
မစ္စတာတာနာခါက အရပ်ရှည်တယ်။,Mr Tanaka is tall
ရှပ်အင်္ကျီ တစ်ထည် ရှိတယ်။,There is a shirt
ဒီအဘိဓာန်က သိပ် မကောင်းဘူး။,This dictionary is not very good
ရဲကင်းမှာ မြို့ရဲ့ မြေပုံကို ချိတ်ထားတယ်။,The map of the town is posted at that police box
မနေ့က ဘူတာနားကို ဈေးဝယ် သွားတယ်။,Yesterday I went shopping near the station
စာတိုက်က ဘူတာဘေးမှာ ရှိတယ်။,The post office is near the station
ပူတဲ့နေ့ဆို ဦးထုပ်ဆောင်းပြီး အပြင်ထွက်တယ်။,I wear a hat when it is hot
မစ္စတာခိမုရရဲ့ အဖေက အသက် ငါးဆယ့်နှစ်နှစ်ပါ။,Ms Kimuras dad is  years old
စာတိုက်မှာ ပို့စကတ် တစ်ခု ဝယ်မယ်။,I will buy a postcard at the post office
မစ္စတာခိမုရက ပန်း ကြိုက်တယ်။,Ms Kimura likes flowers
B တစ်၊ နှစ်၊ သုံး၊ လေး ။,B One two three four
အိမ်ပြန်ရင် အရင်ဆုံး အိမ်စာလုပ်မယ်။,I will do my homework first thing when I get home
နေ့တိုင်း အလုပ်များတယ်။ ဒါပေမဲ့ အရမ်း ပျော်တယ်။,I am busy every day However every day is very fun
ဟင့်အင်း၊ မတတ်ဘူး။,No I cant
ကင်မရာထဲကို ဖလင် ထည့်တယ်။,I will put a film in the camera
မစ္စတာမဆုအိဆီက ငှားလာတဲ့ မဂ္ဂဇင်း ပျောက်သွားပြီ။,I lost the magazine I borrowed from Mr Matsui
ခဏလောက် စောင့်ပါ။,Please wait a second
မစ္စတာခိမုရရဲ့ အစ်မက အရမ်း ချောတဲ့မိန်းကလေး။,Ms Kimuras elder sister is very beautiful
လေကြောင်းလိုင်းနဲ့ ပို့လိုက်လို့ နည်းနည်း ဈေးများတယ်။,I sent it by airmail so it was a little bit expensive
အဲဒီအိတ်က ဘယ်သူ့ဟာလဲ။,Whose bag is that
မစ္စတာတာနာခါ ပြေးနေတာကို မြင်လိုက်တယ်။,I saw Mr Tanaka running
နောက်နှစ်ကျရင် ကျွန်တော် ကားအသစ် ယ်မယ်လို့ စိတ်ကူးထားတယ်။,I am thinking of buying a new car next year
မနေ့က သူငယ်ချင်းနဲ့ ချောင်းကို သွားကစားတယ်။,I went to the river yesterday with my friend and played
မုန်တိုင်းကြောင့် ရထားနောက်ကျတယ်။,The train was delayed by the typhoon
ဘူတာကနေ နံပါတ်ဆယ်ငါးဘတ်စကား စီးမယ်။,I will get on bus number  from the station
A ဘယ်နှခု ရှိလဲ။,A How many are there
စာကြည့်တိုက်မှာ စာဖတ်မလို့ လုပ်ထားတာ စာကြည့်တိုက် မဖွင့်ဘူး။,I was going to study at the library but it was closed
စာလုံး ရေးရတာ သိပ် မကြိုက်ဘူး။,I do not like handwriting letters very much
ရထားစီးတဲ့အခါ လက်မှတ် ဝယ်တယ်။,We will buy a ticket when we ride the train
ဘယ်လိုလူမျိုးနဲ့ လက်ထပ်ချင်သလဲ။,What kind of person would you like to marry
ဒီမှတ်စုစာအုပ်က ကျွန်တော့်မှတ်စုစာအုပ်နဲ့ မတူဘူး။,This notebook is different from my notebook
အဲဒီပုဂ္ဂိုလ်က ဒီကျောင်းကဆရာပါ။,That person is a teacher at this school
ဒီအခန်းထဲမှာ ထမင်းဘူး ဖွင့်စားလည်း ရတယ်။,You may eat your boxed lunch in this room
ဟို မိတ်ကပ်ဆရာက သေးသွယ်ပြီး လှတယ်။,That hairdresser is thin and pretty
ညီမလေးက မျက်လုံး ပြူးပြီး နှာခေါင်း ချွန်တယ်။,My little sister has big eyes and is highnosed
မစ္စတာတာနာခါဟာ တက်တက်ကြွကြွရှိတဲ့လူ ဖြစ်တယ်။,Mr Tanaka is an energetic person
စာသင်ချိန်မှာ ဘေးနားကလူနဲ့ စကားမပြောရဘူး။,You may not talk to the person next to you during class
လာမယ့်လမှာ တပည့်အသစ် လာမယ်လို့ ကြားတယ်။,A new student will be coming next month
မနက် အိပ်ရာထတဲ့အခါ မင်္ဂလာမနက်ခင်းပါလို့ ပြောတယ်။,When we wake up we say good morning
ပုံးထဲကို မှတ်စုစာအုပ်နဲ့ ဘောပင် ထည့်မယ်။,I put notebooks and pens inside the box
ဘေးအိမ်ကခွေးက ဆူလို့ စာဖတ်လို့မရဘူး။,I cannot study because the neighbours dog is loud
အပတ်စဉ် စနေနေ့တိုင်း ဘောလုံး လေ့ကျင့်တယ်။,I practise football on Sunday every week
ညီမလေးက ဂျပန်စာဆရာမ လုပ်ဖို့ စိတ်ကူးနေတယ်။,My little sister wants to become a Japanese teacher
ညနေစောင်း ခွေးနဲ့ ပန်းခြံကို လမ်းလျှောက် သွားတယ်။,I went for a walk with my dog in the park in the evening
ကောင်းကင်ကြီးက ကျယ်တယ်။,The sky is big
သိပ် မပင်ပန်းခဲ့ဘူး။,I didnt get very tired
နေ့တိုင်း ခြောက်နာရီမှာ အိပ်ရာထတယ်။,I wake up at  every morning
အန္တရာယ်ရှိလို့ ဒီကို မဝင်ရဘူး။,It is dangerous here so you may not go inside
ရဲသားက ဘူတာအထိ လမ်းညွှန်ပေးတယ်။,The policeman showed us the way to the station
ပိုက်ဆံအိတ်ထဲကို ပိုက်ဆံ ထည့်တယ်။,I will put money in my wallet
ပန်းအိုးကို စားပွဲပေါ်မှာ ထားလိုက်တယ်။,I put a vase on the table
ရထားက ဘူတာကို ရောက်တော့မယ်။,The train will arrive at the station
ထမင်းဘူးတွေ ဟိုနားမှာ ထိုင်စားရအောင်။,Lets sit over there and eat a boxed lunch
ဒီည ဟိုတယ်မှာ တည်းမယ်။,I will stay at a hotel this evening
ဟိုအမျိုးသမီးချောလေးက မစ္စခိမုရပါ။,That beautiful woman is Ms Kimura
အဲဒီမှာ ရှိတဲ့ပစ္စည်းတွေကို မသုံးရဘူး။,You cannot use the thing that is over there
ကာရီက အိန္ဒိယအစားအစာပါ။,Curry is Indian food
မနေ့က မစ္စတာမဆုအိဆီက အဆက်အသွယ်ရတယ်။,Yesterday Mr Matsui contacted me
အဲဒီရုပ်ရှင်ရုံက သစ်လွင်ပြီး သန့်ရှင်းနေတာပဲ။,That cinema is new and pretty
ဒီခွက်ကို ဝယ်မယ်။ ပြီးတော့ ဒီပန်းကန်ပြားလည်း ဝယ်မယ်။,I will buy that cup I will buy that plate too
ခြေအိတ်အရောင်းကောင်တာက တစ်ထပ်မှာ ရှိတယ်။,The socks section is on the first floor
လမ်း မသိခဲ့ရင် ဖုန်းဆက်မေးပါ,When you do not know the way please call and ask
တခြားလူကို မပြောရဘူး။,You may not talk about this to other people
ကျွန်တော့်မွေးနေ့က ရှစ်လပိုင်း နှစ်ဆယ့်ခြောက်ရက်နေ့ပါ။,My birthday is on  August
စာတိုက်ပုံးက အိမ်နဲ့ မျက်နှာချင်းဆိုင်မှာ ရှိတယ်။,The postbox is across the street from our house
ထမင်းစားပြီး ဆေးလိပ် တစ်လိပ် သောက်တယ်။,I will eat and smoke a cigarette
လစဉ် ဘဏ်မှာ ငွေအပ်တယ်။,Every month I deposit money in the bank
လေကြမ်းတဲ့နေ့ဆို တင်းနစ်ရိုက်လို့မရဘူး။,I cannot play tennis on days when the wind is strong
ဘယ်ဆရာရဲ့ အတန်းက စိတ်ဝင်စားဖို့ အကောင်းဆုံးလဲ။,Whose class is the most interesting
ဒီနေရာကို နှိပ်ရင် အသံကျယ်လာမယ်။,If you press here the sound will get louder
အဲဒီအဆောက်အအုံရဲ့ ဘယ်ဘက်ကို ကွေ့လိုက်ရင် ဆေးရုံ ရှိတယ်။,When you turn left at that building there is a hospital
မနေ့က သစ်ပင်ကို ခုတ်လိုက်တယ်။,Yesterday I cut down a tree
ငါ့အိမ်ကခွေးလေးက တကယ့်ကို ချစ်ဖို့ကောင်းတယ်။,My dog is really cute
ဆရ့ာရဲ့ စာကြည့်စားပွဲပေါ်မှာ အဘိဓာန် နှစ်အုပ်နဲ့ မဂ္ဂဇင်း တစ်အုပ် ရှိတယ်။,There are two dictionaries and one magazine on the teachers desk
ဒီနာရီက ယန်းထောင့်ငါးရာပါ။,This clock costs  yen
ကျွန်တော် နောက်အပတ် မစ္စတာခိုဘာယာရှိနဲ့ ထပ်ပြီး လျှောက်လည်ဦးမယ်။,I will go out with Mr Lee again next week
စာမေးပွဲအဖြေကို ပြန်စစ်တယ်။,I will check the answers for the test
ကိတ်မု့န် စားတဲ့လူက မစ္စတာယာမာဒါပါ။,Mr Yamada was the one who ate the cake
အသားတုံး ထူထူကို စားတယ်။,I will eat thick meat
ဂျပန်ကနွေရာသီက ပူတယ်။,Summer in Japan is hot
ဒါပဲနော်၊ နောက်မှ တွေ့မယ်။,Well then see you again
ကျွန်တော်နဲ့ မစ္စတာမဆုအိနဲ့က အတန်း အတူတူပဲ။,I am in the same class as Mr Matsui
ဒီစာအုပ်က အရမ်း စိတ်ဝင်စားစရာကောင်းတယ် ထင်တယ်။,I think this book is very interesting
မနှစ်က သူငယ်ချင်းနဲ့ နိုင်ငံခြား အလည်ခရီး ထွက်ခဲ့တယ်။,Last year I went on a trip abroad with my friend
မနေ့က အတန်းထဲမှာ လက်ကိုင်ပဝါ မေ့ကျန်ခဲ့တယ်။,I forgot my handkerchief in my classroom yesterday
ကျွန်တော် မနက်တိုင်း သုံးကီလို ပြေးတယ်။,I run three kilometres every morning
ဒီမုန့်က ချိုတယ်။,This snack is sweet
မစ္စတာခိမုရက ကျွန်တော့်ရဲ့ အထုပ်ကို ကူသယ်ပေးတယ်။,Mr Kimura carried my baggage for me
ဒီလွယ်အိတ်က အပြင်ဘက်ခြမ်းမှာ အိတ်ကပ် ရှိတယ်။,This bag has an external side pocket
အဲဒီလူရဲ့ ခြေထောက်က အရှည်ကြီးပဲ။,That person has really long legs
တက္ကစီနဲ့ အိမ်ပြန်မယ်။,I go home by taxi
ဘယ်သူက မစ္စတာဟယရှိလဲ။,Who is Mr Hayashi
ဒီအပတ် ဂျပန်စာအတန်း မရှိဘူး။,There will not be Japanese class this week
တိုကျိုမှာ နေသာတယ်။,It was sunny in Tokyo
လေးတယ်ရဲ့ ဆန့်ကျင်ဘက်က ပေါ့တယ်။,The opposite of heavy is light
ဟိုမှာ ကောင်မလေးငယ်ငယ်လေး တစ်ယောက် ရှိတယ်။,There is a small girl over there
အဲဒီဘက်က မစ္စတာလီပါ။,That is Mr Lee
မစ္စတာယာမာဒါက မစ္စတာခိုဘယရှိရဲ့ မွေးနေ့အတွက် နာရီလက်ဆောင် ပေးခဲ့တယ်။,Mr Yamada gave a watch for Mr Kobayashis birthday
မအိပ်ခင် ရေချိုးတယ်။,I will take a shower before going to sleep
မစ္စတာမဆုအိက အသံကျယ်တယ်။,Mr Matsuis voice is big
မနက်ဖန် မိုးအုံ့မယ်ဆိုပဲ။,They say it will be cloudy tomorrow
မစ္စတာယာမာဒါက စာသင်ခန်းထဲမှာ ရှိတယ်။,Mr Yamada is in the classroom
ကျွန်တော် အခု ပိုက်ဆံ မရှိဘူး။,I do not have any money right now
ဒီနေ့ ညစာက ထမင်းဖြူနဲ့ မဆလာဟင်းပါ။,Dinner today will be curry
စာသင်ခန်းမှာ ကျောင်းသား တစ်ယောက် ရှိတယ်။,There is a student in the classroom
ကျွန်တော် ကြိုက်တဲ့စားစရာက ဂျပန်ကာရီပါ။,My favourite food is curry
ရေကူးကန် သွားရအောင်လား။,Why dont we go the pool
ကျွန်တော့်ညီမက အရပ်ပုပြီး ဆံပင်ရှည်တယ်။,My little sister is short and has long hair
စုစုပေါင်း ထောင့်ခြောက်ရာပါ။,The whole thing will be  yen
ကျွန်တော် အင်္ဂလိပ်စကား ပြောတတ်တယ်။,I can speak English
ဘေးကအခန်းမှာ ဘယ်သူများ ရှိလို့လဲ။,Was there anyone in the room next to us
အိမ်စာလုပ်ဖို့ မမေ့ပါစေနဲ့။,Please do not forget the homework
မစ္စတာယာမာဒါက အတန်းထဲမှာ အရပ်အရှည်ဆုံးပဲ။,Mr Yamada is the tallest in the class
အခန်းထဲမှာ သေတ္တာ ခြောက်လုံး ရှိတယ်။,There are six boxes in the room
ဒီကျောင်းမှာ နိုင်ငံခြားသားကျောင်းသား များတယ်။,There are a lot of foreign students at this school
စာရွက်မှာ ရေးထားတဲ့ နံပါတ်ကို မှတ်တယ်။,I will remember the number written on this paper
အဲဒီကို သွားရင်တော့ စာတိုက်နဲ့ ဘဏ် ရှိတယ်။,If you go there there is a post office and a bank
ဒီမနက်က အချိန်ရလို့ သတင်းစာ ဖတ်ပြီးမှ အိမ်က ထွက်မယ်။,I have some time this morning so I will read the newspaper before heading out
မစ္စတာခိမုရရဲ့ အထုပ်က သေးပြီး ပေါ့တယ်။,Ms Kimuras package is small and light
အားကစားဆို ဘေ့စ်ဘောကို အကြိုက်ဆုံးပဲ။,I like baseball the best of all the sports
ဒီကင်မရာက ဈေးကြီးပေမဲ့ အဆင်ပြေတယ်။,This camera is expensive but very useful
ပန်းခြံမှာ သစ်ပင် တုတ်တုတ်ကြီးတွေ ရှိတယ်။,There is a tree in the park with a thick trunk
ကျွန်တော် စာအုပ် ဖတ်ခဲ့တယ်။,I read a book
အဲဒီအခန်းကို မဝင်ရဘူး။,You cannot go into that room
တက္ကသိုလ်ပြီးရင် ချက်ချင်း အလုပ်လုပ်မယ်။,I will work as soon as I graduate university
အလုပ်များလို့ လျှောက်လည်ဖို့ အချိန်မရဘူး။,I am busy with work so I dont have time to go out
ဟို မျက်မှန်တပ်ထားတဲ့လူက မစ္စတာမဆုအိပါ။,The person wearing glasses is Mr Matsui
မနေ့က ဘူတာရှေ့မှာ စားသောက်ဆိုင်သစ်တစ်ဆိုင် ဖွင့်ထားတာ တွေ့လိုက်တယ်။,A new restaurant was built in front of the station yesterday
မနေ့က ကျွန်တော် မစ္စတာယာမာဒါဆီက ယန်းတစ်ထောင် ချေးလိုက်တယ်။,I borrowed one thousand yen from Mr Yamada yesterday
ဒီနေ့ ဘာလ ဘာရက်လဲ။,Whats the date today
မစ္စတာခိမုရကို ခရီးသွားတုန်းကဓာတ်ပုံ ပြလိုက်တယ်။,I showed vacation pictures to Mr Kimura
ကျွန်တော် အမြဲတမ်း အိပ်ရာမှာ အိပ်တယ်။,I always sleep in my bed
ကျွန်တော် နိုင်ငံခြားသားတွေကို ဂျပန်စာ သင်ပေးနေတယ်။,I teach Japanese to foreigners
မုန့်ကို တစ်ခုတည်းပဲ စားတယ်။,I ate only one snack
ဒီအခန်းထဲကို ဝင်လို့မဖြစ်ဘူး။,You cannot go into this room
ကျွန်တော် နွေရာသီပိတ်ရက်မှာ တင်းနစ်ရိုက်လိုက် ရေကူးလိုက် လုပ်တယ်။,I played tennis and swam during summer vacation
ကျွန်တော် ခရီးအပြန်လက်ဆောင် ရှစ်ခု ဝယ်ရမယ်။,I need to buy eight souvenirs
စနေတနင်္ဂနွေမှာ သူငယ်ချင်းနဲ့ တောင်တက်မယ်။,I will climb the mountain with my friend on the weekend
ဘောပင်နဲ့ စာရေးတယ်။,I write with a pen
အိတ် အကြီးကြီး သုံးရတာ အဆင်ပြေတယ်။,Big bags are convenient
ဒီစာရွက်ပေါ်မှာ မေးခွန်းရဲ့ အဖြေကို ရေးမယ်။,We write our answers on this paper
အိတ်ထဲမှာ မှတ်စုစာအုပ် ရှိတယ်။,There is a notebook in the bag
ဂျပန်ရဲ့ ရုပ်ရှင်ကားဟောင်းပါ။,Its an old Japanese film
စာသင်ချိန်အတွင်း ဆရာက တပည့်ကို မေးခွန်းမေးတယ်။,The teacher asked the students questions during class
မစ္စတာတာနာခါက အမြဲတမ်း အလုပ်များတဲ့ပုံပဲ။,Mr Tanaka always seems busy
ညီမလေးက ပန်းချီ တော်တယ်။,My little sister is good at drawing pictures
မစ္စတာယာမာဒါရဲ့ အဖေက ဆရာဝန်ပါ။,Mr Yamadas father is a doctor
ကျွန်တော် ကော်ဖီထဲကို နို့ အများကြီး ထည့်တယ်။,I put a lot of milk in my coffee
မစ္စတာယာမာဒါက စိတ်ဝင်စားဖို့ကောင်းတဲ့လူပဲ။,Mr Yamada is a funny person
ကိတ်မုန့်ကို ဓားနဲ့ လေးပိုင်း ပိုင်းတယ်။,I cut the cake into four pieces using a knife
အိမ်နားက လေဆိပ်အသစ်ကြီး ဆောက်ပြီးသွားပြီ။,There is a new airport near here
ဒီနေ့ရာသီဥတု အရမ်း သာယာတယ်။,The weather today is very nice
ပန်းကန်ပြားအသစ်ကို သုံးမယ်။,I will use a new plate
သူငယ်ချင်းကို မစ္စတာခိမုရရဲ့ ဖုန်းနံပါတ် ပေးလိုက်တယ်။,I gave Mr Kimuras telephone number to my friend
အဲဒီတောင်မှာ တိရစ္ဆာန်တွေ အများကြီး ရှိတယ်။,There are a lot of animals in that mountain
ဒီရွာက တိတ်ဆိတ်ပြီး သာယာတယ်။,This village is quiet and beautiful
မစ္စတာယာမာဒါက မီတာ တစ်ရာ ရေကူးနိုင်တယ်။,Mr Yamada can swim  metres
နောက်အပတ် အစ်မ မင်္ဂလာဆောင်မယ်။,Next week is my sisters wedding
လာမယ့်နှစ်မှာ ကျွန်တော့်ညီမ တက္ကသိုလ်တက်မယ်။,My sister will enter university next year
လူတွေ အများကြီး သေကုန်တယ်။,A lot of people died
ကျွန်တော် ကော်ဖီထက် လက်ဖက်ရည်ကို ပိုကြိုက်တယ်။,I like coffee more than tea
အဖေက ကျောင်းဆရာပါ။,My father is a teacher
ကြာသပတေးနေ့နေ့လယ်ပိုင်းကျရင် ဘဏ်မှာ ငွေသွားသွင်းမယ်။,I will go to the bank and transfer some money on Thursday afternoon
ကျွန်တော် မနက်ဖန် ဘူတာမှာ သူငယ်ချင်းနဲ့ တွေ့ပြီး သူနဲ့အတူ ဂီတပွဲ သွားမယ်။,Tomorrow I will go to the station to meet my friend and we will go to a concert together
ညဆို အေးလို့ အပြင်ထွက်ရင် ကုတ်အင်္ကျီ ယူသွားတယ်။,It will be cold at night so I will bring a jacket with me when I go out
အဲဒီကပင်လယ်က အရမ်း လှတယ်။,The sea over there is very pretty
မစ္စတာခိမုရက ကျောင်းသား ဖြစ်ပြီး မစ္စတာတာနာခါကတော့ ကုမ္ပဏီဝန်ထမ်း ဖြစ်ပါတယ်။,Ms Kimura is a student but Mr Tanaka is an office worker
မနက်တိုင်း နွားနို့ အေးအေး တစ်ခွက် သောက်တယ်။,I drink one cold glass of milk every morning
မစ္စတာတာနာခါ ဘယ်မှာ ရှိသလဲ။,Where is Mr Tanaka
မစ္စတာယာမာဒါ ဘယ်ဟာ စားချင်ပါသလဲ။,Which one do you want to eat Mr Yamada
ဟိုနားကဆေးရုံက ဗုဒ္ဓဟူးနေ့နဲ့ တနင်္ဂနွေနေ့ ပိတ်တယ်။,That hospital is closed on Wednesdays and Sundays
စာအုပ်ဆိုင်မှာ မဂ္ဂဇင်းကို ဝယ်တယ်။,I bought a magazine at the bookstore
ည အရမ်း မိုးချုပ်ပြီမို့ တစ်ယောက်တည်း ပြန်ရမှာ အန္တရာယ်များတယ်။,It is dangerous to go home by yourself because it is already late
ဒီစာကြောင်းက တိုလို့ ဖတ်ရလွယ်တယ်။,This sentence is short so it is easy to read
အားလုံး အတူတူ သီချင်းဆိုမယ်။,We all sing songs together
ရှေ့ကအကွေ့ ရောက်ရင် ညာဘက်ကို ချိုးမယ်။,We turn right at the next corner
ကျွန်တော် မနေ့က တက္ကသိုလ်ကို သွားတယ်။,I went to university yesterday
အေး၊ ကြိုက်ပါတယ်။,Yes I like it
မစ္စတာလီ ဘယ်သောက်စရာ သောက်မလဲ။,Mr Lee which drink would you like
ငါးလ သုံးရက်ကနေ ငါးလ ငါးရက်နေ့အထိ ကျောင်းတွေ ရုံးတွေ ပိတ်တယ်။,There is no school or work from the third of March until the fifth of May
ဂျပန်စာ လေ့လာရတာ ပျော်တယ်။,Studying Japanese is fun
ကျွန်တော် အမြဲတမ်း ဒီစူပါမားကက်မှာ ဈေးဝယ်တယ်။,I always shop at this supermarket
ဟိုဘက်ကအဆောက်အအုံက ခုနစ်ရာကိုးဆယ့်လေးနှစ်က ဆောက်ထားတာ။,That building was built in
မနက်က တီဗွီသတင်း ကြည့်ခဲ့တယ်။,I watched the news on TV this morning
ကျောင်းဆင်းတော့ သူငယ်ချင်းနဲ့ ကော်ဖီဆိုင်မှာ လက်ဖက်ရည် သောက်တယ်။,I went to a coffee shop and had tea with my friend after school
အတော်ပဲ၊ အခု ညစာစားနေတုန်း။,Im eating dinner right now
ခန်းဂျီးကို မှတ်မိအောင် ဘယ်လို လုပ်ရမလဲ။,How can you memorize kanji
ဆောင်းတွင်းဆို ချမ်းလို့ အနွေးစက် ဖွင့်တယ်။,It is cold in the winter so I will turn on the heater
နှင်းကျလည်း ကျောင်းသွားတယ်။,Even if it snows I will still go to school
အမှောင်ထဲမှာ စာကြည့်တာမျိုး ရှောင်သင့်တယ်။,You should stop reading books where it is dark
မနက်ဖန် အတူတူ ဈေးသွားဝယ်ရအောင်လား။,A Would you like to go shopping with me tomorrow
မနက်ဖန် မစ္စတာလီဆီ ဖုန်းဆက်မယ်။,I will call Mr Lee tomorrow
ဒီလောက်လောက် မည်းတဲ့ ပိုက်ဆံအိတ်ကို ရှာနေတယ်။,I am looking for a black wallet like this
စူပါမားကက်ထက်စာရင် ကုန်စိမ်းဆိုင်က ဈေးချိုတယ်။,Vegetable shops are cheaper than supermarkets
ဘယ်လိုလုပ် ကျွန်တော့်ဖုန်းနံပါတ် သိသွားတာလဲ။,How did you know my number
ဒီမှာ စာဖတ်လို့ရတယ်။,We can study here
မစ္စတာတာနာခါ ဆယ်နာရီဝန်းကျင်လောက် ဘူတာကို ရောက်မယ်။,Mr Tanaka will arrive at the station at about
ကျွန်တော် ကလေးဘတုန်းက အဲဒီပန်းခြံမှာ အမြဲ ကစားတယ်။,When I was a child I often played at that park
အမြဲတမ်း မအိပ်ခင် သွားတိုက်တယ်။,Before I go to sleep I brush my teeth
ဒါရယ် အဲဒါရယ် လိုချင်ပါတယ်။,I want this and that
အမြဲတမ်း ဒီခဲတံချည်းပဲ သုံးနေလို့ တိုတောင်တိုသွားပြီ။,Because I always use this pencil it has become short
ငှက် ရေသောက်နေတယ်။,The bird is drinking water
အလုပ်များလို့ နေ့လယ်စာ မစားလိုက်ရဘူး။,I was busy so I couldnt eat lunch
အခု ငါးနာရီ ထိုးပြီ။,It is five oclock now
မနက်ဖန် အတန်းမှာ စာစီစာကုံး ရေးရမှာမို့လို့ အဘိဓာန် လိုတယ်။,I need a dictionary because we will be writing an essay in class tomorrow
မစ္စတာတာနာခါက အစိမ်းရောင်နက်ကတိုင်ကို စည်းထားတယ်။,Mr Tanaka has a green tie on
ကဲ၊ အတန်းစလိုက်ကြစို့။,Now lets start class
မစ္စတာခိမုရက မုန့်ကို ခုနစ်ခု လုပ်ခဲ့တယ်။,Ms Kimura made seven snacks
